24.49,620,3.64,0.0031,0.0017,1.0251,9.9344,18.1494,1.0322

24.5,620,3.64,0.0031,0.0017,1.0251,9.9344,18.1494,1.0322

24.5,620,3.67,0.0031,0.0017,1.0251,9.9344,18.1494,1.0322

24.5,620,3.67,0.0031,0.0017,1.0251,9.9344,18.1494,1.0322

24.5,620,3.67,0.0031,0.0017,1.0251,9.9344,18.1494,1.0322

24.5,620,3.67,0.0031,0.0017,1.025,9.9344,18.1494,1.0322

24.5,620,3.67,0.0031,0.0017,1.025,10.0722,18.1494,1.0322

24.5,620,3.67,0.0031,0.0017,1.025,10.0722,18.52,1.0322

24.5,620,3.67,0.0031,0.0017,1.025,10.0722,18.52,1.0361

24.5,620,3.67,0.0031,0.0017,1.025,10.0722,18.52,1.0361

24.52,620,3.67,0.0031,0.0017,1.025,10.0722,18.52,1.0361

24.52,620,3.67,0.0031,0.0017,1.025,10.0722,18.52,1.0361

24.52,620,3.67,0.0031,0.0017,1.025,10.0722,18.52,1.0361

24.52,620,3.67,0.0031,0.0017,1.025,10.0722,18.52,1.0361

24.52,620,3.67,0.0031,0.0017,1.0252,10.0722,18.52,1.0361

24.52,620,3.67,0.0031,0.0017,1.0252,9.968,18.52,1.0361

24.52,620,3.67,0.0031,0.0017,1.0252,9.968,17.962,1.0361

24.52,620,3.67,0.0031,0.0017,1.0252,9.968,17.962,1.0352

24.52,640,3.67,0.0031,0.0017,1.0252,9.968,17.962,1.0352

24.54,640,3.67,0.0031,0.0017,1.0252,9.968,17.962,1.0352

24.54,640,3.66,0.0031,0.0017,1.0252,9.968,17.962,1.0352

24.54,640,3.66,0.0031,0.0017,1.0252,9.968,17.962,1.0352

24.54,640,3.66,0.0031,0.0017,1.0252,9.968,17.962,1.0352

24.54,640,3.66,0.0031,0.0017,1.025,9.968,17.962,1.0352

24.54,640,3.66,0.0031,0.0017,1.025,9.9613,17.962,1.0352

24.54,640,3.66,0.0031,0.0017,1.025,9.9613,18.6315,1.0352

24.54,640,3.66,0.0031,0.0017,1.025,9.9613,18.6315,1.0312

24.54,620,3.66,0.0031,0.0017,1.025,9.9613,18.6315,1.0312

24.56,620,3.66,0.0031,0.0017,1.025,9.9613,18.6315,1.0312

24.56,620,3.67,0.0031,0.0017,1.025,9.9613,18.6315,1.0312

24.56,620,3.67,0.0031,0.0017,1.025,9.9613,18.6315,1.0312

24.56,620,3.67,0.0031,0.0017,1.025,9.9613,18.6315,1.0312

24.56,620,3.67,0.0031,0.0017,1.0249,9.9613,18.6315,1.0312

24.56,620,3.67,0.0031,0.0017,1.0249,10.0949,18.6315,1.0312

24.56,620,3.67,0.0031,0.0017,1.0249,10.0949,18.6456,1.0312

24.56,620,3.67,0.0031,0.0017,1.0249,10.0949,18.6456,1.0324

24.56,620,3.67,0.0031,0.0017,1.0249,10.0949,18.6456,1.0324

24.57,620,3.67,0.0031,0.0017,1.0249,10.0949,18.6456,1.0324

24.57,620,3.67,0.0031,0.0017,1.0249,10.0949,18.6456,1.0324

24.57,620,3.67,0.003,0.0017,1.0249,10.0949,18.6456,1.0324

24.57,620,3.67,0.003,0.0017,1.0249,10.0949,18.6456,1.0324

24.57,620,3.67,0.003,0.0017,1.0249,10.0949,18.6456,1.0324

24.57,620,3.67,0.003,0.0017,1.0249,10.2511,18.6456,1.0324

24.57,620,3.67,0.003,0.0017,1.0249,10.2511,18.0307,1.0324

24.57,620,3.67,0.003,0.0017,1.0249,10.2511,18.0307,1.0346

24.57,620,3.67,0.003,0.0017,1.0249,10.2511,18.0307,1.0346

24.58,620,3.67,0.003,0.0017,1.0249,10.2511,18.0307,1.0346

24.58,620,3.67,0.003,0.0017,1.0249,10.2511,18.0307,1.0346

24.58,620,3.67,0.0031,0.0017,1.0249,10.2511,18.0307,1.0346

24.58,620,3.67,0.0031,0.0017,1.0249,10.2511,18.0307,1.0346

24.58,620,3.67,0.0031,0.0017,1.0249,10.2511,18.0307,1.0346

24.58,620,3.67,0.0031,0.0017,1.0249,10.0253,18.0307,1.0346

24.58,620,3.67,0.0031,0.0017,1.0249,10.0253,18.7358,1.0346

24.58,620,3.67,0.0031,0.0017,1.0249,10.0253,18.7358,1.0348

24.58,620,3.67,0.0031,0.0017,1.0249,10.0253,18.7358,1.0348

24.59,620,3.67,0.0031,0.0017,1.0249,10.0253,18.7358,1.0348

24.59,620,3.67,0.0031,0.0017,1.0249,10.0253,18.7358,1.0348

24.59,620,3.67,0.003,0.0017,1.0249,10.0253,18.7358,1.0348

24.59,620,3.67,0.003,0.0017,1.0249,10.0253,18.7358,1.0348

24.59,620,3.67,0.003,0.0017,1.0248,10.0253,18.7358,1.0348

24.59,620,3.67,0.003,0.0017,1.0248,10.1427,18.7358,1.0348

24.59,620,3.67,0.003,0.0017,1.0248,10.1427,18.5835,1.0348

24.59,620,3.67,0.003,0.0017,1.0248,10.1427,18.5835,1.0351

24.59,620,3.67,0.003,0.0017,1.0248,10.1427,18.5835,1.0351

24.57,620,3.67,0.003,0.0017,1.0248,10.1427,18.5835,1.0351

24.57,620,3.67,0.003,0.0017,1.0248,10.1427,18.5835,1.0351

24.57,620,3.67,0.003,0.0017,1.0248,10.1427,18.5835,1.0351

24.57,620,3.67,0.003,0.0016,1.0248,10.1427,18.5835,1.0351

24.57,620,3.67,0.003,0.0016,1.025,10.1427,18.5835,1.0351

24.57,620,3.67,0.003,0.0016,1.025,10.2547,18.5835,1.0351

24.57,620,3.67,0.003,0.0016,1.025,10.2547,19.1053,1.0351

24.57,620,3.67,0.003,0.0016,1.025,10.2547,19.1053,1.0334

24.57,620,3.67,0.003,0.0016,1.025,10.2547,19.1053,1.0334

24.59,620,3.67,0.003,0.0016,1.025,10.2547,19.1053,1.0334

24.59,620,3.66,0.003,0.0016,1.025,10.2547,19.1053,1.0334

24.59,620,3.66,0.0031,0.0016,1.025,10.2547,19.1053,1.0334

24.59,620,3.66,0.0031,0.0016,1.025,10.2547,19.1053,1.0334

24.59,620,3.66,0.0031,0.0016,1.0251,10.2547,19.1053,1.0334

24.59,620,3.66,0.0031,0.0016,1.0251,10.0826,19.1053,1.0334

24.59,620,3.66,0.0031,0.0016,1.0251,10.0826,19.7378,1.0334

24.59,620,3.66,0.0031,0.0016,1.0251,10.0826,19.7378,1.0322

24.59,640,3.66,0.0031,0.0016,1.0251,10.0826,19.7378,1.0322

24.6,640,3.66,0.0031,0.0016,1.0251,10.0826,19.7378,1.0322

24.6,640,3.67,0.0031,0.0016,1.0251,10.0826,19.7378,1.0322

24.6,640,3.67,0.0031,0.0016,1.0251,10.0826,19.7378,1.0322

24.6,640,3.67,0.0031,0.0016,1.0251,10.0826,19.7378,1.0322

24.6,640,3.67,0.0031,0.0016,1.025,10.0826,19.7378,1.0322

24.6,640,3.67,0.0031,0.0016,1.025,10.0479,19.7378,1.0322

24.6,640,3.67,0.0031,0.0016,1.025,10.0479,19.4775,1.0322

24.6,640,3.67,0.0031,0.0016,1.025,10.0479,19.4775,1.034

24.6,620,3.67,0.0031,0.0016,1.025,10.0479,19.4775,1.034

24.62,620,3.67,0.0031,0.0016,1.025,10.0479,19.4775,1.034

24.62,620,3.67,0.0031,0.0016,1.025,10.0479,19.4775,1.034

24.62,620,3.67,0.0031,0.0016,1.025,10.0479,19.4775,1.034

24.62,620,3.67,0.0031,0.0017,1.025,10.0479,19.4775,1.034

24.62,620,3.67,0.0031,0.0017,1.0249,10.0479,19.4775,1.034

24.62,620,3.67,0.0031,0.0017,1.0249,10.0993,19.4775,1.034

24.62,620,3.67,0.0031,0.0017,1.0249,10.0993,18.6715,1.034

24.62,620,3.67,0.0031,0.0017,1.0249,10.0993,18.6715,1.0341

24.62,640,3.67,0.0031,0.0017,1.0249,10.0993,18.6715,1.0341

24.63,640,3.67,0.0031,0.0017,1.0249,10.0993,18.6715,1.0341

24.63,640,3.66,0.0031,0.0017,1.0249,10.0993,18.6715,1.0341

24.63,640,3.66,0.0031,0.0017,1.0249,10.0993,18.6715,1.0341

24.63,640,3.66,0.0031,0.0017,1.0249,10.0993,18.6715,1.0341

24.63,640,3.66,0.0031,0.0017,1.0249,10.0993,18.6715,1.0341

24.63,640,3.66,0.0031,0.0017,1.0249,10.0905,18.6715,1.0341

24.63,640,3.66,0.0031,0.0017,1.0249,10.0905,18.1182,1.0341

24.63,640,3.66,0.0031,0.0017,1.0249,10.0905,18.1182,1.0331

24.63,600,3.66,0.0031,0.0017,1.0249,10.0905,18.1182,1.0331

24.63,600,3.66,0.0031,0.0017,1.0249,10.0905,18.1182,1.0331

24.63,600,3.65,0.0031,0.0017,1.0249,10.0905,18.1182,1.0331

24.63,600,3.65,0.0031,0.0017,1.0249,10.0905,18.1182,1.0331

24.63,600,3.65,0.0031,0.0017,1.0249,10.0905,18.1182,1.0331

24.63,600,3.65,0.0031,0.0017,1.0248,10.0905,18.1182,1.0331

24.63,600,3.65,0.0031,0.0017,1.0248,9.9728,18.1182,1.0331

24.63,600,3.65,0.0031,0.0017,1.0248,9.9728,18.2495,1.0331

24.63,600,3.65,0.0031,0.0017,1.0248,9.9728,18.2495,1.035

24.63,620,3.65,0.0031,0.0017,1.0248,9.9728,18.2495,1.035

24.64,620,3.65,0.0031,0.0017,1.0248,9.9728,18.2495,1.035

24.64,620,3.65,0.0031,0.0017,1.0248,9.9728,18.2495,1.035

24.64,620,3.65,0.003,0.0017,1.0248,9.9728,18.2495,1.035

24.64,620,3.65,0.003,0.0016,1.0248,9.9728,18.2495,1.035

24.64,620,3.65,0.003,0.0016,1.0249,9.9728,18.2495,1.035

24.64,620,3.65,0.003,0.0016,1.0249,10.217,18.2495,1.035

24.64,620,3.65,0.003,0.0016,1.0249,10.217,18.9841,1.035

24.64,620,3.65,0.003,0.0016,1.0249,10.217,18.9841,1.0341

24.64,620,3.65,0.003,0.0016,1.0249,10.217,18.9841,1.0341

24.66,620,3.65,0.003,0.0016,1.0249,10.217,18.9841,1.0341

24.66,620,3.65,0.003,0.0016,1.0249,10.217,18.9841,1.0341

24.66,620,3.65,0.003,0.0016,1.0249,10.217,18.9841,1.0341

24.66,620,3.65,0.003,0.0017,1.0249,10.217,18.9841,1.0341

24.66,620,3.65,0.003,0.0017,1.0249,10.217,18.9841,1.0341

24.66,620,3.65,0.003,0.0017,1.0249,10.2695,18.9841,1.0341

24.66,620,3.65,0.003,0.0017,1.0249,10.2695,18.8753,1.0341

24.66,620,3.65,0.003,0.0017,1.0249,10.2695,18.8753,1.0074

24.66,600,3.65,0.003,0.0017,1.0249,10.2695,18.8753,1.0074

24.65,600,3.65,0.003,0.0017,1.0249,10.2695,18.8753,1.0074

24.65,600,3.67,0.003,0.0017,1.0249,10.2695,18.8753,1.0074

24.65,600,3.67,0.003,0.0017,1.0249,10.2695,18.8753,1.0074

24.65,600,3.67,0.003,0.0016,1.0249,10.2695,18.8753,1.0074

24.65,600,3.67,0.003,0.0016,1.0249,10.2695,18.8753,1.0074

24.65,600,3.67,0.003,0.0016,1.0249,10.2153,18.8753,1.0074

24.65,600,3.67,0.003,0.0016,1.0249,10.2153,19.2265,1.0074

24.65,600,3.67,0.003,0.0016,1.0249,10.2153,19.2265,1.0329

24.65,640,3.67,0.003,0.0016,1.0249,10.2153,19.2265,1.0329

24.66,640,3.67,0.003,0.0016,1.0249,10.2153,19.2265,1.0329

24.66,640,3.66,0.003,0.0016,1.0249,10.2153,19.2265,1.0329

24.66,640,3.66,0.0031,0.0016,1.0249,10.2153,19.2265,1.0329

24.66,640,3.66,0.0031,0.0017,1.0249,10.2153,19.2265,1.0329

24.66,640,3.66,0.0031,0.0017,1.0248,10.2153,19.2265,1.0329

24.66,640,3.66,0.0031,0.0017,1.0248,10.0455,19.2265,1.0329

24.66,640,3.66,0.0031,0.0017,1.0248,10.0455,18.469,1.0329

24.66,640,3.66,0.0031,0.0017,1.0248,10.0455,18.469,1.032

24.66,640,3.66,0.0031,0.0017,1.0248,10.0455,18.469,1.032

24.68,640,3.66,0.0031,0.0017,1.0248,10.0455,18.469,1.032

24.68,640,3.67,0.0031,0.0017,1.0248,10.0455,18.469,1.032

24.68,640,3.67,0.0031,0.0017,1.0248,10.0455,18.469,1.032

24.68,640,3.67,0.0031,0.0016,1.0248,10.0455,18.469,1.032

24.68,640,3.67,0.0031,0.0016,1.0247,10.0455,18.469,1.032

24.68,640,3.67,0.0031,0.0016,1.0247,10.1349,18.469,1.032

24.68,640,3.67,0.0031,0.0016,1.0247,10.1349,19.3426,1.032

24.68,640,3.67,0.0031,0.0016,1.0247,10.1349,19.3426,1.0071

24.68,620,3.67,0.0031,0.0016,1.0247,10.1349,19.3426,1.0071

24.68,620,3.67,0.0031,0.0016,1.0247,10.1349,19.3426,1.0071

24.68,620,3.65,0.0031,0.0016,1.0247,10.1349,19.3426,1.0071

24.68,620,3.65,0.003,0.0016,1.0247,10.1349,19.3426,1.0071

24.68,620,3.65,0.003,0.0017,1.0247,10.1349,19.3426,1.0071

24.68,620,3.65,0.003,0.0017,1.0248,10.1349,19.3426,1.0071

24.68,620,3.65,0.003,0.0017,1.0248,10.2095,19.3426,1.0071

24.68,620,3.65,0.003,0.0017,1.0248,10.2095,18.6364,1.0071

24.68,620,3.65,0.003,0.0017,1.0248,10.2095,18.6364,1.033

24.68,620,3.65,0.003,0.0017,1.0248,10.2095,18.6364,1.033

24.7,620,3.65,0.003,0.0017,1.0248,10.2095,18.6364,1.033

24.7,620,3.66,0.003,0.0017,1.0248,10.2095,18.6364,1.033

24.7,620,3.66,0.003,0.0017,1.0248,10.2095,18.6364,1.033

24.7,620,3.66,0.003,0.0016,1.0248,10.2095,18.6364,1.033

24.7,620,3.66,0.003,0.0016,1.0247,10.2095,18.6364,1.033

24.7,620,3.66,0.003,0.0016,1.0247,10.2436,18.6364,1.033

24.7,620,3.66,0.003,0.0016,1.0247,10.2436,19.5867,1.033

24.7,620,3.66,0.003,0.0016,1.0247,10.2436,19.5867,1.007

24.7,640,3.66,0.003,0.0016,1.0247,10.2436,19.5867,1.007

24.69,640,3.66,0.003,0.0016,1.0247,10.2436,19.5867,1.007

24.69,640,3.64,0.003,0.0016,1.0247,10.2436,19.5867,1.007

24.69,640,3.64,0.003,0.0016,1.0247,10.2436,19.5867,1.007

24.69,640,3.64,0.003,0.0016,1.0247,10.2436,19.5867,1.007

24.69,640,3.64,0.003,0.0016,1.0248,10.2436,19.5867,1.007

24.69,640,3.64,0.003,0.0016,1.0248,10.2361,19.5867,1.007

24.69,640,3.64,0.003,0.0016,1.0248,10.2361,19.4035,1.007

24.69,640,3.64,0.003,0.0016,1.0248,10.2361,19.4035,1.0326

24.69,620,3.64,0.003,0.0016,1.0248,10.2361,19.4035,1.0326

24.7,620,3.64,0.003,0.0016,1.0248,10.2361,19.4035,1.0326

24.7,620,3.64,0.003,0.0016,1.0248,10.2361,19.4035,1.0326

24.7,620,3.64,0.0031,0.0016,1.0248,10.2361,19.4035,1.0326

24.7,620,3.64,0.0031,0.0017,1.0248,10.2361,19.4035,1.0326

24.7,620,3.64,0.0031,0.0017,1.0249,10.2361,19.4035,1.0326

24.7,620,3.64,0.0031,0.0017,1.0249,10.141,19.4035,1.0326

24.7,620,3.64,0.0031,0.0017,1.0249,10.141,18.7137,1.0326

24.7,620,3.64,0.0031,0.0017,1.0249,10.141,18.7137,1.0329

24.7,640,3.64,0.0031,0.0017,1.0249,10.141,18.7137,1.0329

24.71,640,3.64,0.0031,0.0017,1.0249,10.141,18.7137,1.0329

24.71,640,3.67,0.0031,0.0017,1.0249,10.141,18.7137,1.0329

24.71,640,3.67,0.003,0.0017,1.0249,10.141,18.7137,1.0329

24.71,640,3.67,0.003,0.0017,1.0249,10.141,18.7137,1.0329

24.71,640,3.67,0.003,0.0017,1.0249,10.141,18.7137,1.0329

24.71,640,3.67,0.003,0.0017,1.0249,10.1397,18.7137,1.0329

24.71,640,3.67,0.003,0.0017,1.0249,10.1397,18.768,1.0329

24.71,640,3.67,0.003,0.0017,1.0249,10.1397,18.768,1.0322

24.71,600,3.67,0.003,0.0017,1.0249,10.1397,18.768,1.0322

24.73,600,3.67,0.003,0.0017,1.0249,10.1397,18.768,1.0322

24.73,600,3.67,0.003,0.0017,1.0249,10.1397,18.768,1.0322

24.73,600,3.67,0.003,0.0017,1.0249,10.1397,18.768,1.0322

24.73,600,3.67,0.003,0.0016,1.0249,10.1397,18.768,1.0322

24.73,600,3.67,0.003,0.0016,1.0247,10.1397,18.768,1.0322

24.73,600,3.67,0.003,0.0016,1.0247,10.1771,18.768,1.0322

24.73,600,3.67,0.003,0.0016,1.0247,10.1771,19.0194,1.0322

24.73,600,3.67,0.003,0.0016,1.0247,10.1771,19.0194,1.0067

24.73,620,3.67,0.003,0.0016,1.0247,10.1771,19.0194,1.0067

24.71,620,3.67,0.003,0.0016,1.0247,10.1771,19.0194,1.0067

24.71,620,3.67,0.003,0.0016,1.0247,10.1771,19.0194,1.0067

24.71,620,3.67,0.0031,0.0016,1.0247,10.1771,19.0194,1.0067

24.71,620,3.67,0.0031,0.0017,1.0247,10.1771,19.0194,1.0067

24.71,620,3.67,0.0031,0.0017,1.0247,10.1771,19.0194,1.0067

24.71,620,3.67,0.0031,0.0017,1.0247,10.0623,19.0194,1.0067

24.71,620,3.67,0.0031,0.0017,1.0247,10.0623,18.1817,1.0067

24.71,620,3.67,0.0031,0.0017,1.0247,10.0623,18.1817,1.0069

24.71,620,3.67,0.0031,0.0017,1.0247,10.0623,18.1817,1.0069

24.73,620,3.67,0.0031,0.0017,1.0247,10.0623,18.1817,1.0069

24.73,620,3.67,0.0031,0.0017,1.0247,10.0623,18.1817,1.0069

24.73,620,3.67,0.0031,0.0017,1.0247,10.0623,18.1817,1.0069

24.73,620,3.67,0.0031,0.0016,1.0247,10.0623,18.1817,1.0069

24.73,620,3.67,0.0031,0.0016,1.0248,10.0623,18.1817,1.0069

24.73,620,3.67,0.0031,0.0016,1.0248,10.0911,18.1817,1.0069

24.73,620,3.67,0.0031,0.0016,1.0248,10.0911,19.8315,1.0069

24.73,620,3.67,0.0031,0.0016,1.0248,10.0911,19.8315,1.0318

24.73,600,3.67,0.0031,0.0016,1.0248,10.0911,19.8315,1.0318

24.74,600,3.67,0.0031,0.0016,1.0248,10.0911,19.8315,1.0318

24.74,600,3.66,0.0031,0.0016,1.0248,10.0911,19.8315,1.0318

24.74,600,3.66,0.003,0.0016,1.0248,10.0911,19.8315,1.0318

24.74,600,3.66,0.003,0.0017,1.0248,10.0911,19.8315,1.0318

24.74,600,3.66,0.003,0.0017,1.0248,10.0911,19.8315,1.0318

24.74,600,3.66,0.003,0.0017,1.0248,10.2334,19.8315,1.0318

24.74,600,3.66,0.003,0.0017,1.0248,10.2334,18.5376,1.0318

24.74,600,3.66,0.003,0.0017,1.0248,10.2334,18.5376,1.0316

24.74,600,3.66,0.003,0.0017,1.0248,10.2334,18.5376,1.0316

24.73,600,3.66,0.003,0.0017,1.0248,10.2334,18.5376,1.0316

24.73,600,3.67,0.003,0.0017,1.0248,10.2334,18.5376,1.0316

24.73,600,3.67,0.003,0.0017,1.0248,10.2334,18.5376,1.0316

24.73,600,3.67,0.003,0.0016,1.0248,10.2334,18.5376,1.0316

24.73,600,3.67,0.003,0.0016,1.0249,10.2334,18.5376,1.0316

24.73,600,3.67,0.003,0.0016,1.0249,10.3241,18.5376,1.0316

24.73,600,3.67,0.003,0.0016,1.0249,10.3241,19.2013,1.0316

24.73,600,3.67,0.003,0.0016,1.0249,10.3241,19.2013,1.0074

24.73,600,3.67,0.003,0.0016,1.0249,10.3241,19.2013,1.0074

24.72,600,3.67,0.003,0.0016,1.0249,10.3241,19.2013,1.0074

24.72,600,3.64,0.003,0.0016,1.0249,10.3241,19.2013,1.0074

24.72,600,3.64,0.003,0.0016,1.0249,10.3241,19.2013,1.0074

24.72,600,3.64,0.003,0.0016,1.0249,10.3241,19.2013,1.0074

24.72,600,3.64,0.003,0.0016,1.0248,10.3241,19.2013,1.0074

24.72,600,3.64,0.003,0.0016,1.0248,10.2529,19.2013,1.0074

24.72,600,3.64,0.003,0.0016,1.0248,10.2529,19.0155,1.0074

24.72,600,3.64,0.003,0.0016,1.0248,10.2529,19.0155,1.0071

24.72,620,3.64,0.003,0.0016,1.0248,10.2529,19.0155,1.0071

24.74,620,3.64,0.003,0.0016,1.0248,10.2529,19.0155,1.0071

24.74,620,3.67,0.003,0.0016,1.0248,10.2529,19.0155,1.0071

24.74,620,3.67,0.0031,0.0016,1.0248,10.2529,19.0155,1.0071

24.74,620,3.67,0.0031,0.0016,1.0248,10.2529,19.0155,1.0071

24.74,620,3.67,0.0031,0.0016,1.0248,10.2529,19.0155,1.0071

24.74,620,3.67,0.0031,0.0016,1.0248,10.0765,19.0155,1.0071

24.74,620,3.67,0.0031,0.0016,1.0248,10.0765,19.492,1.0071

24.74,620,3.67,0.0031,0.0016,1.0248,10.0765,19.492,1.0071

24.74,600,3.67,0.0031,0.0016,1.0248,10.0765,19.492,1.0071

24.75,600,3.67,0.0031,0.0016,1.0248,10.0765,19.492,1.0071

24.75,600,3.67,0.0031,0.0016,1.0248,10.0765,19.492,1.0071

24.75,600,3.67,0.0031,0.0016,1.0248,10.0765,19.492,1.0071

24.75,600,3.67,0.0031,0.0016,1.0248,10.0765,19.492,1.0071

24.75,600,3.67,0.0031,0.0016,1.0249,10.0765,19.492,1.0071

24.75,600,3.67,0.0031,0.0016,1.0249,10.183,19.492,1.0071

24.75,600,3.67,0.0031,0.0016,1.0249,10.183,19.8128,1.0071

24.75,600,3.67,0.0031,0.0016,1.0249,10.183,19.8128,1.0337

24.75,620,3.67,0.0031,0.0016,1.0249,10.183,19.8128,1.0337

24.76,620,3.67,0.0031,0.0016,1.0249,10.183,19.8128,1.0337

24.76,620,3.67,0.0031,0.0016,1.0249,10.183,19.8128,1.0337

24.76,620,3.67,0.0031,0.0016,1.0249,10.183,19.8128,1.0337

24.76,620,3.67,0.0031,0.0023,1.0249,10.183,19.8128,1.0337

24.76,620,3.67,0.0031,0.0023,1.0249,10.183,19.8128,1.0337

24.76,620,3.67,0.0031,0.0023,1.0249,10.0214,19.8128,1.0337

24.76,620,3.67,0.0031,0.0023,1.0249,10.0214,13.6194,1.0337

24.76,620,3.67,0.0031,0.0023,1.0249,10.0214,13.6194,1.0341

24.76,600,3.67,0.0031,0.0023,1.0249,10.0214,13.6194,1.0341

24.78,600,3.67,0.0031,0.0023,1.0249,10.0214,13.6194,1.0341

24.78,600,3.65,0.0031,0.0023,1.0249,10.0214,13.6194,1.0341

24.78,600,3.65,0.0031,0.0023,1.0249,10.0214,13.6194,1.0341

24.78,600,3.65,0.0031,0.0018,1.0249,10.0214,13.6194,1.0341

24.78,600,3.65,0.0031,0.0018,1.025,10.0214,13.6194,1.0341

24.78,600,3.65,0.0031,0.0018,1.025,9.9287,13.6194,1.0341

24.78,600,3.65,0.0031,0.0018,1.025,9.9287,17.3783,1.0341

24.78,600,3.65,0.0031,0.0018,1.025,9.9287,17.3783,1.0336

24.78,640,3.65,0.0031,0.0018,1.025,9.9287,17.3783,1.0336

24.79,640,3.65,0.0031,0.0018,1.025,9.9287,17.3783,1.0336

24.79,640,3.66,0.0031,0.0018,1.025,9.9287,17.3783,1.0336

24.79,640,3.66,0.003,0.0018,1.025,9.9287,17.3783,1.0336

24.79,640,3.66,0.003,0.0017,1.025,9.9287,17.3783,1.0336

24.79,640,3.66,0.003,0.0017,1.0249,9.9287,17.3783,1.0336

24.79,640,3.66,0.003,0.0017,1.0249,9.0952,17.3783,1.0336

24.79,640,3.66,0.003,0.0017,1.0249,9.0952,18.7221,1.0336

24.79,640,3.66,0.003,0.0017,1.0249,9.0952,18.7221,1.0069

24.79,640,3.66,0.003,0.0017,1.0249,9.0952,18.7221,1.0069

24.79,640,3.66,0.003,0.0017,1.0249,9.0952,18.7221,1.0069

24.79,640,3.61,0.003,0.0017,1.0249,9.0952,18.7221,1.0069

24.79,640,3.61,0.003,0.0017,1.0249,9.0952,18.7221,1.0069

24.79,640,3.61,0.003,0.0017,1.0249,9.0952,18.7221,1.0069

24.79,640,3.61,0.003,0.0017,1.0249,9.0952,18.7221,1.0069

24.79,640,3.61,0.003,0.0017,1.0249,10.0648,18.7221,1.0069

24.79,640,3.61,0.003,0.0017,1.0249,10.0648,18.5877,1.0069

24.79,640,3.61,0.003,0.0017,1.0249,10.0648,18.5877,1.0063

24.79,620,3.61,0.003,0.0017,1.0249,10.0648,18.5877,1.0063

24.78,620,3.61,0.003,0.0017,1.0249,10.0648,18.5877,1.0063

24.78,620,3.67,0.003,0.0017,1.0249,10.0648,18.5877,1.0063

24.78,620,3.67,0.003,0.0017,1.0249,10.0648,18.5877,1.0063

24.78,620,3.67,0.003,0.0017,1.0249,10.0648,18.5877,1.0063

24.78,620,3.67,0.003,0.0017,1.0249,10.0648,18.5877,1.0063

24.78,620,3.67,0.003,0.0017,1.0249,10.3061,18.5877,1.0063

24.78,620,3.67,0.003,0.0017,1.0249,10.3061,18.7465,1.0063

24.78,620,3.67,0.003,0.0017,1.0249,10.3061,18.7465,1.0308

24.78,600,3.67,0.003,0.0017,1.0249,10.3061,18.7465,1.0308

24.8,600,3.67,0.003,0.0017,1.0249,10.3061,18.7465,1.0308

24.8,600,3.67,0.003,0.0017,1.0249,10.3061,18.7465,1.0308

24.8,600,3.67,0.0031,0.0017,1.0249,10.3061,18.7465,1.0308

24.8,600,3.67,0.0031,0.0017,1.0249,10.3061,18.7465,1.0308

24.8,600,3.67,0.0031,0.0017,1.0248,10.3061,18.7465,1.0308

24.8,600,3.67,0.0031,0.0017,1.0248,10.0779,18.7465,1.0308

24.8,600,3.67,0.0031,0.0017,1.0248,10.0779,18.1098,1.0308

24.8,600,3.67,0.0031,0.0017,1.0248,10.0779,18.1098,1.0347

24.8,620,3.67,0.0031,0.0017,1.0248,10.0779,18.1098,1.0347

24.81,620,3.67,0.0031,0.0017,1.0248,10.0779,18.1098,1.0347

24.81,620,3.67,0.0031,0.0017,1.0248,10.0779,18.1098,1.0347

24.81,620,3.67,0.003,0.0017,1.0248,10.0779,18.1098,1.0347

24.81,620,3.67,0.003,0.0017,1.0248,10.0779,18.1098,1.0347

24.81,620,3.67,0.003,0.0017,1.0249,10.0779,18.1098,1.0347

24.81,620,3.67,0.003,0.0017,1.0249,10.4498,18.1098,1.0347

24.81,620,3.67,0.003,0.0017,1.0249,10.4498,18.8849,1.0347

24.81,620,3.67,0.003,0.0017,1.0249,10.4498,18.8849,1.0067

24.81,640,3.67,0.003,0.0017,1.0249,10.4498,18.8849,1.0067

24.81,640,3.67,0.003,0.0017,1.0249,10.4498,18.8849,1.0067

24.81,640,3.66,0.003,0.0017,1.0249,10.4498,18.8849,1.0067

24.81,640,3.66,0.0029,0.0017,1.0249,10.4498,18.8849,1.0067

24.81,640,3.66,0.0029,0.0016,1.0249,10.4498,18.8849,1.0067

24.81,640,3.66,0.0029,0.0016,1.0249,10.4498,18.8849,1.0067

24.81,640,3.66,0.0029,0.0016,1.0249,10.5598,18.8849,1.0067

24.81,640,3.66,0.0029,0.0016,1.0249,10.5598,19.6862,1.0067

24.81,640,3.66,0.0029,0.0016,1.0249,10.5598,19.6862,1.0064

24.81,640,3.66,0.0029,0.0016,1.0249,10.5598,19.6862,1.0064

24.81,640,3.66,0.0029,0.0016,1.0249,10.5598,19.6862,1.0064

24.81,640,3.67,0.0029,0.0016,1.0249,10.5598,19.6862,1.0064

24.81,640,3.67,0.003,0.0016,1.0249,10.5598,19.6862,1.0064

24.81,640,3.67,0.003,0.0017,1.0249,10.5598,19.6862,1.0064

24.81,640,3.67,0.003,0.0017,1.0248,10.5598,19.6862,1.0064

24.81,640,3.67,0.003,0.0017,1.0248,10.2669,19.6862,1.0064

24.81,640,3.67,0.003,0.0017,1.0248,10.2669,18.4726,1.0064

24.81,640,3.67,0.003,0.0017,1.0248,10.2669,18.4726,1.0065

24.81,620,3.67,0.003,0.0017,1.0248,10.2669,18.4726,1.0065

24.82,620,3.67,0.003,0.0017,1.0248,10.2669,18.4726,1.0065

24.82,620,3.67,0.003,0.0017,1.0248,10.2669,18.4726,1.0065

24.82,620,3.67,0.003,0.0017,1.0248,10.2669,18.4726,1.0065

24.82,620,3.67,0.003,0.0017,1.0248,10.2669,18.4726,1.0065

24.82,620,3.67,0.003,0.0017,1.0251,10.2669,18.4726,1.0065

24.82,620,3.67,0.003,0.0017,1.0251,10.4185,18.4726,1.0065

24.82,620,3.67,0.003,0.0017,1.0251,10.4185,18.8495,1.0065

24.82,620,3.67,0.003,0.0017,1.0251,10.4185,18.8495,1.0339

24.82,580,3.67,0.003,0.0017,1.0251,10.4185,18.8495,1.0339

24.82,580,3.67,0.003,0.0017,1.0251,10.4185,18.8495,1.0339

24.82,580,3.67,0.003,0.0017,1.0251,10.4185,18.8495,1.0339

24.82,580,3.67,0.003,0.0017,1.0251,10.4185,18.8495,1.0339

24.82,580,3.67,0.003,0.0016,1.0251,10.4185,18.8495,1.0339

24.82,580,3.67,0.003,0.0016,1.0252,10.4185,18.8495,1.0339

24.82,580,3.67,0.003,0.0016,1.0252,10.3394,18.8495,1.0339

24.82,580,3.67,0.003,0.0016,1.0252,10.3394,19.1405,1.0339

24.82,580,3.67,0.003,0.0016,1.0252,10.3394,19.1405,1.0071

24.82,600,3.67,0.003,0.0016,1.0252,10.3394,19.1405,1.0071

24.84,600,3.67,0.003,0.0016,1.0252,10.3394,19.1405,1.0071

24.84,600,3.67,0.003,0.0016,1.0252,10.3394,19.1405,1.0071

24.84,600,3.67,0.0031,0.0016,1.0252,10.3394,19.1405,1.0071

24.84,600,3.67,0.0031,0.0017,1.0252,10.3394,19.1405,1.0071

24.84,600,3.67,0.0031,0.0017,1.0251,10.3394,19.1405,1.0071

24.84,600,3.67,0.0031,0.0017,1.0251,10.1963,19.1405,1.0071

24.84,600,3.67,0.0031,0.0017,1.0251,10.1963,18.1786,1.0071

24.84,600,3.67,0.0031,0.0017,1.0251,10.1963,18.1786,1.0313

24.84,600,3.67,0.0031,0.0017,1.0251,10.1963,18.1786,1.0313

24.85,600,3.67,0.0031,0.0017,1.0251,10.1963,18.1786,1.0313

24.85,600,3.66,0.0031,0.0017,1.0251,10.1963,18.1786,1.0313

24.85,600,3.66,0.0031,0.0017,1.0251,10.1963,18.1786,1.0313

24.85,600,3.66,0.0031,0.0017,1.0251,10.1963,18.1786,1.0313

24.85,600,3.66,0.0031,0.0017,1.0252,10.1963,18.1786,1.0313

24.85,600,3.66,0.0031,0.0017,1.0252,10.1571,18.1786,1.0313

24.85,600,3.66,0.0031,0.0017,1.0252,10.1571,18.7902,1.0313

24.85,600,3.66,0.0031,0.0017,1.0252,10.1571,18.7902,1.0354

24.85,740,3.66,0.0031,0.0017,1.0252,10.1571,18.7902,1.0354

24.86,740,3.66,0.0031,0.0017,1.0252,10.1571,18.7902,1.0354

24.86,740,3.66,0.0031,0.0017,1.0252,10.1571,18.7902,1.0354

24.86,740,3.66,0.0027,0.0017,1.0252,10.1571,18.7902,1.0354

24.86,740,3.66,0.0027,0.001,1.0252,10.1571,18.7902,1.0354

24.86,740,3.66,0.0027,0.001,1.026,10.1571,18.7902,1.0354

24.86,740,3.66,0.0027,0.001,1.026,1.5705,18.7902,1.0354

24.86,740,3.66,0.0027,0.001,1.026,1.5705,30.357,1.0354

24.86,740,3.66,0.0027,0.001,1.026,1.5705,30.357,1.0038

24.86,740,3.66,0.0027,0.001,1.026,1.5705,30.357,1.0038

24.93,740,3.66,0.0027,0.001,1.026,1.5705,30.357,1.0038

24.93,740,3.67,0.0027,0.001,1.026,1.5705,30.357,1.0038

24.93,740,3.67,0.0027,0.001,1.026,1.5705,30.357,1.0038

24.93,740,3.67,0.0027,0.0011,1.026,1.5705,30.357,1.0038

24.93,740,3.67,0.0027,0.0011,1.0257,1.5705,30.357,1.0038

24.93,740,3.67,0.0027,0.0011,1.0257,2.5267,30.357,1.0038

24.93,740,3.67,0.0027,0.0011,1.0257,2.5267,28.2792,1.0038

24.93,740,3.67,0.0027,0.0011,1.0257,2.5267,28.2792,1.0035

24.93,740,3.67,0.0027,0.0011,1.0257,2.5267,28.2792,1.0035

24.98,740,3.67,0.0027,0.0011,1.0257,2.5267,28.2792,1.0035

24.98,740,3.67,0.0027,0.0011,1.0257,2.5267,28.2792,1.0035

24.98,740,3.67,0.0027,0.0011,1.0257,2.5267,28.2792,1.0035

24.98,740,3.67,0.0027,0.0011,1.0257,2.5267,28.2792,1.0035

24.98,740,3.67,0.0027,0.0011,1.0259,2.5267,28.2792,1.0035

24.98,740,3.67,0.0027,0.0011,1.0259,2.0059,28.2792,1.0035

24.98,740,3.67,0.0027,0.0011,1.0259,2.0059,29.7182,1.0035

24.98,740,3.67,0.0027,0.0011,1.0259,2.0059,29.7182,1.0039

24.98,740,3.67,0.0027,0.0011,1.0259,2.0059,29.7182,1.0039

25.06,740,3.67,0.0027,0.0011,1.0259,2.0059,29.7182,1.0039

25.06,740,3.66,0.0027,0.0011,1.0259,2.0059,29.7182,1.0039

25.06,740,3.66,0.0029,0.0011,1.0259,2.0059,29.7182,1.0039

25.06,740,3.66,0.0029,0.002,1.0259,2.0059,29.7182,1.0039

25.06,740,3.66,0.0029,0.002,1.026,2.0059,29.7182,1.0039

25.06,740,3.66,0.0029,0.002,1.026,7.8446,29.7182,1.0039

25.06,740,3.66,0.0029,0.002,1.026,7.8446,15.7364,1.0039

25.06,740,3.66,0.0029,0.002,1.026,7.8446,15.7364,1.0054

25.06,740,3.66,0.0029,0.002,1.026,7.8446,15.7364,1.0054

25.15,740,3.66,0.0029,0.002,1.026,7.8446,15.7364,1.0054

25.15,740,3.67,0.0029,0.002,1.026,7.8446,15.7364,1.0054

25.15,740,3.67,0.0031,0.002,1.026,7.8446,15.7364,1.0054

25.15,740,3.67,0.0031,0.0015,1.026,7.8446,15.7364,1.0054

25.15,740,3.67,0.0031,0.0015,1.0262,7.8446,15.7364,1.0054

25.15,740,3.67,0.0031,0.0015,1.0262,2.4108,15.7364,1.0054

25.15,740,3.67,0.0031,0.0015,1.0262,2.4108,21.1884,1.0054

25.15,740,3.67,0.0031,0.0015,1.0262,2.4108,21.1884,1.0046

25.15,740,3.67,0.0031,0.0015,1.0262,2.4108,21.1884,1.0046

25.21,740,3.67,0.0031,0.0015,1.0262,2.4108,21.1884,1.0046

25.21,740,3.67,0.0031,0.0015,1.0262,2.4108,21.1884,1.0046

25.21,740,3.67,0.0132,0.0015,1.0262,2.4108,21.1884,1.0046

25.21,740,3.67,0.0132,0.0083,1.0262,2.4108,21.1884,1.0046

25.21,740,3.67,0.0132,0.0083,1.0258,2.4108,21.1884,1.0046

25.21,740,3.67,0.0132,0.0083,1.0258,15.3432,21.1884,1.0046

25.21,740,3.67,0.0132,0.0083,1.0258,15.3432,21.0799,1.0046

25.21,740,3.67,0.0132,0.0083,1.0258,15.3432,21.0799,1.0052

25.21,620,3.67,0.0132,0.0083,1.0258,15.3432,21.0799,1.0052

25.26,620,3.67,0.0132,0.0083,1.0258,15.3432,21.0799,1.0052

25.26,620,3.67,0.0132,0.0083,1.0258,15.3432,21.0799,1.0052

25.26,620,3.67,0.0034,0.0083,1.0258,15.3432,21.0799,1.0052

25.26,620,3.67,0.0034,0.0021,1.0258,15.3432,21.0799,1.0052

25.26,620,3.67,0.0034,0.0021,1.0255,15.3432,21.0799,1.0052

25.26,620,3.67,0.0034,0.0021,1.0255,9.1764,21.0799,1.0052

25.26,620,3.67,0.0034,0.0021,1.0255,9.1764,14.5864,1.0052

25.26,620,3.67,0.0034,0.0021,1.0255,9.1764,14.5864,1.0043

25.26,620,3.67,0.0034,0.0021,1.0255,9.1764,14.5864,1.0043

25.25,620,3.67,0.0034,0.0021,1.0255,9.1764,14.5864,1.0043

25.25,620,3.67,0.0034,0.0021,1.0255,9.1764,14.5864,1.0043

25.25,620,3.67,0.0036,0.0021,1.0255,9.1764,14.5864,1.0043

25.25,620,3.67,0.0036,0.0025,1.0255,9.1764,14.5864,1.0043

25.25,620,3.67,0.0036,0.0025,1.0248,9.1764,14.5864,1.0043

25.25,620,3.67,0.0036,0.0025,1.0248,8.5681,14.5864,1.0043

25.25,620,3.67,0.0036,0.0025,1.0248,8.5681,12.2991,1.0043

25.25,620,3.67,0.0036,0.0025,1.0248,8.5681,12.2991,1.0065

