motor/temperature,motor/rpm,motor/current,motor/vibration/rmsX,motor/vibration/rmsY,motor/vibration/rmsZ,motor/vibration/crestX,motor/vibration/crestY,motor/vibration/crestZ
25.01,160,3.67,0.0079,0.0109,1.026,15.1378,2.2665,1.0062

25.01,140,3.67,0.0079,0.0109,1.026,15.1378,2.2665,1.0062

25.06,140,3.67,0.0079,0.0109,1.026,15.1378,2.2665,1.0062

25.06,140,3.67,0.0079,0.0109,1.026,15.1378,2.2665,1.0062

25.06,140,3.67,0.0083,0.0109,1.026,15.1378,2.2665,1.0062

25.06,140,3.67,0.0083,0.0095,1.026,15.1378,2.2665,1.0062

25.06,140,3.67,0.0083,0.0095,1.026,15.1378,2.2665,1.0062

25.06,140,3.67,0.0083,0.0095,1.026,14.0928,2.2665,1.0062

25.06,140,3.67,0.0083,0.0095,1.026,14.0928,15.0758,1.0062

25.06,140,3.67,0.0083,0.0095,1.026,14.0928,15.0758,1.0263

25.06,600,3.67,0.0083,0.0095,1.026,14.0928,15.0758,1.0263

25.12,600,3.67,0.0083,0.0095,1.026,14.0928,15.0758,1.0263

25.12,600,3.67,0.0083,0.0095,1.026,14.0928,15.0758,1.0263

25.12,600,3.67,0.0068,0.0095,1.026,14.0928,15.0758,1.0263

25.12,600,3.67,0.0068,0.0102,1.026,14.0928,15.0758,1.0263

25.12,600,3.67,0.0068,0.0102,1.0256,14.0928,15.0758,1.0263

25.12,600,3.67,0.0068,0.0102,1.0256,1.3925,15.0758,1.0263

25.12,600,3.67,0.0068,0.0102,1.0256,1.3925,1.6334,1.0263

25.12,600,3.67,0.0068,0.0102,1.0256,1.3925,1.6334,1.032

25.12,620,3.67,0.0068,0.0102,1.0256,1.3925,1.6334,1.032

25.14,620,3.67,0.0068,0.0102,1.0256,1.3925,1.6334,1.032

25.14,620,3.65,0.0068,0.0102,1.0256,1.3925,1.6334,1.032

25.14,620,3.65,0.0068,0.0102,1.0256,1.3925,1.6334,1.032

25.14,620,3.65,0.0068,0.0103,1.0256,1.3925,1.6334,1.032

25.14,620,3.65,0.0068,0.0103,1.0258,1.3925,1.6334,1.032

25.14,620,3.65,0.0068,0.0103,1.0258,1.515,1.6334,1.032

25.14,620,3.65,0.0068,0.0103,1.0258,1.515,1.9057,1.032

25.14,620,3.65,0.0068,0.0103,1.0258,1.515,1.9057,1.0354

25.14,600,3.65,0.0068,0.0103,1.0258,1.515,1.9057,1.0354

25.14,600,3.65,0.0068,0.0103,1.0258,1.515,1.9057,1.0354

25.14,600,3.67,0.0068,0.0103,1.0258,1.515,1.9057,1.0354

25.14,600,3.67,0.0069,0.0103,1.0258,1.515,1.9057,1.0354

25.14,600,3.67,0.0069,0.0104,1.0258,1.515,1.9057,1.0354

25.14,600,3.67,0.0069,0.0104,1.0256,1.515,1.9057,1.0354

25.14,600,3.67,0.0069,0.0104,1.0256,1.6022,1.9057,1.0354

25.14,600,3.67,0.0069,0.0104,1.0256,1.6022,1.8389,1.0354

25.14,600,3.67,0.0069,0.0104,1.0256,1.6022,1.8389,1.0351

25.14,640,3.67,0.0069,0.0104,1.0256,1.6022,1.8389,1.0351

25.11,640,3.67,0.0069,0.0104,1.0256,1.6022,1.8389,1.0351

25.11,640,3.67,0.0069,0.0104,1.0256,1.6022,1.8389,1.0351

25.11,640,3.67,0.0068,0.0104,1.0256,1.6022,1.8389,1.0351

25.11,640,3.67,0.0068,0.0104,1.0256,1.6022,1.8389,1.0351

25.11,640,3.67,0.0068,0.0104,1.0254,1.6022,1.8389,1.0351

25.11,640,3.67,0.0068,0.0104,1.0254,1.6371,1.8389,1.0351

25.11,640,3.67,0.0068,0.0104,1.0254,1.6371,1.8319,1.0351

25.11,640,3.67,0.0068,0.0104,1.0254,1.6371,1.8319,1.0354

25.11,640,3.67,0.0068,0.0104,1.0254,1.6371,1.8319,1.0354

25.07,640,3.67,0.0068,0.0104,1.0254,1.6371,1.8319,1.0354

25.07,640,3.67,0.0068,0.0104,1.0254,1.6371,1.8319,1.0354

25.07,640,3.67,0.0069,0.0104,1.0254,1.6371,1.8319,1.0354

25.07,640,3.67,0.0069,0.0102,1.0254,1.6371,1.8319,1.0354

25.07,640,3.67,0.0069,0.0102,1.0253,1.6371,1.8319,1.0354

25.07,640,3.67,0.0069,0.0102,1.0253,1.5318,1.8319,1.0354

25.07,640,3.67,0.0069,0.0102,1.0253,1.5318,1.8231,1.0354

25.07,640,3.67,0.0069,0.0102,1.0253,1.5318,1.8231,1.0351

25.07,600,3.67,0.0069,0.0102,1.0253,1.5318,1.8231,1.0351

25.04,600,3.67,0.0069,0.0102,1.0253,1.5318,1.8231,1.0351

25.04,600,3.67,0.0069,0.0102,1.0253,1.5318,1.8231,1.0351

25.04,600,3.67,0.0069,0.0102,1.0253,1.5318,1.8231,1.0351

25.04,600,3.67,0.0069,0.0102,1.0253,1.5318,1.8231,1.0351

25.04,600,3.67,0.0069,0.0102,1.0252,1.5318,1.8231,1.0351

25.04,600,3.67,0.0069,0.0102,1.0252,1.4971,1.8231,1.0351

25.04,600,3.67,0.0069,0.0102,1.0252,1.4971,1.7028,1.0351

25.04,600,3.67,0.0069,0.0102,1.0252,1.4971,1.7028,1.0357

25.04,600,3.67,0.0069,0.0102,1.0252,1.4971,1.7028,1.0357

25,600,3.67,0.0069,0.0102,1.0252,1.4971,1.7028,1.0357

25,600,3.64,0.0069,0.0102,1.0252,1.4971,1.7028,1.0357

25,600,3.64,0.0069,0.0102,1.0252,1.4971,1.7028,1.0357

25,600,3.64,0.0069,0.0101,1.0252,1.4971,1.7028,1.0357

25,600,3.64,0.0069,0.0101,1.0254,1.4971,1.7028,1.0357

25,600,3.64,0.0069,0.0101,1.0254,1.4754,1.7028,1.0357

25,600,3.64,0.0069,0.0101,1.0254,1.4754,1.672,1.0357

25,600,3.64,0.0069,0.0101,1.0254,1.4754,1.672,1.0347

25,620,3.64,0.0069,0.0101,1.0254,1.4754,1.672,1.0347

24.96,620,3.64,0.0069,0.0101,1.0254,1.4754,1.672,1.0347

24.96,620,3.67,0.0069,0.0101,1.0254,1.4754,1.672,1.0347

24.96,620,3.67,0.007,0.0101,1.0254,1.4754,1.672,1.0347

24.96,620,3.67,0.007,0.01,1.0254,1.4754,1.672,1.0347

24.96,620,3.67,0.007,0.01,1.0258,1.4754,1.672,1.0347

24.96,620,3.67,0.007,0.01,1.0258,1.5256,1.672,1.0347

24.96,620,3.67,0.007,0.01,1.0258,1.5256,1.6846,1.0347

24.96,620,3.67,0.007,0.01,1.0258,1.5256,1.6846,1.0348

24.96,620,3.67,0.007,0.01,1.0258,1.5256,1.6846,1.0348

24.93,620,3.67,0.007,0.01,1.0258,1.5256,1.6846,1.0348

24.93,620,3.64,0.007,0.01,1.0258,1.5256,1.6846,1.0348

24.93,620,3.64,0.0069,0.01,1.0258,1.5256,1.6846,1.0348

24.93,620,3.64,0.0069,0.0099,1.0258,1.5256,1.6846,1.0348

24.93,620,3.64,0.0069,0.0099,1.0257,1.5256,1.6846,1.0348

24.93,620,3.64,0.0069,0.0099,1.0257,1.5023,1.6846,1.0348

24.93,620,3.64,0.0069,0.0099,1.0257,1.5023,1.6565,1.0348

24.93,620,3.64,0.0069,0.0099,1.0257,1.5023,1.6565,1.0356

24.93,620,3.64,0.0069,0.0099,1.0257,1.5023,1.6565,1.0356

24.9,620,3.64,0.0069,0.0099,1.0257,1.5023,1.6565,1.0356

24.9,620,3.66,0.0069,0.0099,1.0257,1.5023,1.6565,1.0356

24.9,620,3.66,0.0069,0.0099,1.0257,1.5023,1.6565,1.0356

24.9,620,3.66,0.0069,0.0099,1.0257,1.5023,1.6565,1.0356

24.9,620,3.66,0.0069,0.0099,1.0253,1.5023,1.6565,1.0356

24.9,620,3.66,0.0069,0.0099,1.0253,1.6911,1.6565,1.0356

24.9,620,3.66,0.0069,0.0099,1.0253,1.6911,1.646,1.0356

24.9,620,3.66,0.0069,0.0099,1.0253,1.6911,1.646,1.0342

24.9,620,3.66,0.0069,0.0099,1.0253,1.6911,1.646,1.0342

24.87,620,3.66,0.0069,0.0099,1.0253,1.6911,1.646,1.0342

24.87,620,3.67,0.0069,0.0099,1.0253,1.6911,1.646,1.0342

24.87,620,3.67,0.0068,0.0099,1.0253,1.6911,1.646,1.0342

24.87,620,3.67,0.0068,0.0099,1.0253,1.6911,1.646,1.0342

24.87,620,3.67,0.0068,0.0099,1.0252,1.6911,1.646,1.0342

24.87,620,3.67,0.0068,0.0099,1.0252,1.5406,1.646,1.0342

24.87,620,3.67,0.0068,0.0099,1.0252,1.5406,1.6803,1.0342

24.87,620,3.67,0.0068,0.0099,1.0252,1.5406,1.6803,1.0357

24.87,620,3.67,0.0068,0.0099,1.0252,1.5406,1.6803,1.0357

24.85,620,3.67,0.0068,0.0099,1.0252,1.5406,1.6803,1.0357

24.85,620,3.67,0.0068,0.0099,1.0252,1.5406,1.6803,1.0357

24.85,620,3.67,0.0067,0.0099,1.0252,1.5406,1.6803,1.0357

24.85,620,3.67,0.0067,0.0099,1.0252,1.5406,1.6803,1.0357

24.85,620,3.67,0.0067,0.0099,1.0248,1.5406,1.6803,1.0357

24.85,620,3.67,0.0067,0.0099,1.0248,1.484,1.6803,1.0357

24.85,620,3.67,0.0067,0.0099,1.0248,1.484,1.6469,1.0357

24.85,620,3.67,0.0067,0.0099,1.0248,1.484,1.6469,1.0357

24.85,620,3.67,0.0067,0.0099,1.0248,1.484,1.6469,1.0357

24.83,620,3.67,0.0067,0.0099,1.0248,1.484,1.6469,1.0357

24.83,620,3.64,0.0067,0.0099,1.0248,1.484,1.6469,1.0357

24.83,620,3.64,0.0068,0.0099,1.0248,1.484,1.6469,1.0357

24.83,620,3.64,0.0068,0.0098,1.0248,1.484,1.6469,1.0357

24.83,620,3.64,0.0068,0.0098,1.0255,1.484,1.6469,1.0357

24.83,620,3.64,0.0068,0.0098,1.0255,1.4859,1.6469,1.0357

24.83,620,3.64,0.0068,0.0098,1.0255,1.4859,1.6325,1.0357

24.83,620,3.64,0.0068,0.0098,1.0255,1.4859,1.6325,1.036

24.83,600,3.64,0.0068,0.0098,1.0255,1.4859,1.6325,1.036

24.82,600,3.64,0.0068,0.0098,1.0255,1.4859,1.6325,1.036

24.82,600,3.67,0.0068,0.0098,1.0255,1.4859,1.6325,1.036

24.82,600,3.67,0.0069,0.0098,1.0255,1.4859,1.6325,1.036

24.82,600,3.67,0.0069,0.0097,1.0255,1.4859,1.6325,1.036

24.82,600,3.67,0.0069,0.0097,1.0258,1.4859,1.6325,1.036

24.82,600,3.67,0.0069,0.0097,1.0258,1.4925,1.6325,1.036

24.82,600,3.67,0.0069,0.0097,1.0258,1.4925,1.6908,1.036

24.82,600,3.67,0.0069,0.0097,1.0258,1.4925,1.6908,1.035

24.82,620,3.67,0.0069,0.0097,1.0258,1.4925,1.6908,1.035

24.81,620,3.67,0.0069,0.0097,1.0258,1.4925,1.6908,1.035

24.81,620,3.64,0.0069,0.0097,1.0258,1.4925,1.6908,1.035

24.81,620,3.64,0.0068,0.0097,1.0258,1.4925,1.6908,1.035

24.81,620,3.64,0.0068,0.0098,1.0258,1.4925,1.6908,1.035

24.81,620,3.64,0.0068,0.0098,1.0254,1.4925,1.6908,1.035

24.81,620,3.64,0.0068,0.0098,1.0254,1.4756,1.6908,1.035

24.81,620,3.64,0.0068,0.0098,1.0254,1.4756,1.6713,1.035

24.81,620,3.64,0.0068,0.0098,1.0254,1.4756,1.6713,1.0357

24.81,620,3.64,0.0068,0.0098,1.0254,1.4756,1.6713,1.0357

24.8,620,3.64,0.0068,0.0098,1.0254,1.4756,1.6713,1.0357

24.8,620,3.67,0.0068,0.0098,1.0254,1.4756,1.6713,1.0357

24.8,620,3.67,0.0067,0.0098,1.0254,1.4756,1.6713,1.0357

24.8,620,3.67,0.0067,0.0098,1.0254,1.4756,1.6713,1.0357

24.8,620,3.67,0.0067,0.0098,1.0251,1.4756,1.6713,1.0357

24.8,620,3.67,0.0067,0.0098,1.0251,1.5212,1.6713,1.0357

24.8,620,3.67,0.0067,0.0098,1.0251,1.5212,1.6714,1.0357

24.8,620,3.67,0.0067,0.0098,1.0251,1.5212,1.6714,1.0364

24.8,600,3.67,0.0067,0.0098,1.0251,1.5212,1.6714,1.0364

24.8,600,3.67,0.0067,0.0098,1.0251,1.5212,1.6714,1.0364

24.8,600,3.67,0.0067,0.0098,1.0251,1.5212,1.6714,1.0364

24.8,600,3.67,0.0068,0.0098,1.0251,1.5212,1.6714,1.0364

24.8,600,3.67,0.0068,0.0097,1.0251,1.5212,1.6714,1.0364

24.8,600,3.67,0.0068,0.0097,1.0255,1.5212,1.6714,1.0364

24.8,600,3.67,0.0068,0.0097,1.0255,1.5294,1.6714,1.0364

24.8,600,3.67,0.0068,0.0097,1.0255,1.5294,1.732,1.0364

24.8,600,3.67,0.0068,0.0097,1.0255,1.5294,1.732,1.0346

24.8,600,3.67,0.0068,0.0097,1.0255,1.5294,1.732,1.0346

24.8,600,3.67,0.0068,0.0097,1.0255,1.5294,1.732,1.0346

24.8,600,3.66,0.0068,0.0097,1.0255,1.5294,1.732,1.0346

24.8,600,3.66,0.0068,0.0097,1.0255,1.5294,1.732,1.0346

24.8,600,3.66,0.0068,0.0097,1.0255,1.5294,1.732,1.0346

24.8,600,3.66,0.0068,0.0097,1.0255,1.5294,1.732,1.0346

24.8,600,3.66,0.0068,0.0097,1.0255,1.4604,1.732,1.0346

24.8,600,3.66,0.0068,0.0097,1.0255,1.4604,1.6492,1.0346

24.8,600,3.66,0.0068,0.0097,1.0255,1.4604,1.6492,1.0359

24.8,620,3.66,0.0068,0.0097,1.0255,1.4604,1.6492,1.0359

24.78,620,3.66,0.0068,0.0097,1.0255,1.4604,1.6492,1.0359

24.78,620,3.67,0.0068,0.0097,1.0255,1.4604,1.6492,1.0359

24.78,620,3.67,0.0068,0.0097,1.0255,1.4604,1.6492,1.0359

24.78,620,3.67,0.0068,0.0097,1.0255,1.4604,1.6492,1.0359

24.78,620,3.67,0.0068,0.0097,1.0253,1.4604,1.6492,1.0359

24.78,620,3.67,0.0068,0.0097,1.0253,1.5897,1.6492,1.0359

24.78,620,3.67,0.0068,0.0097,1.0253,1.5897,1.6444,1.0359

24.78,620,3.67,0.0068,0.0097,1.0253,1.5897,1.6444,1.0341

24.78,640,3.67,0.0068,0.0097,1.0253,1.5897,1.6444,1.0341

24.79,640,3.67,0.0068,0.0097,1.0253,1.5897,1.6444,1.0341

24.79,640,3.63,0.0068,0.0097,1.0253,1.5897,1.6444,1.0341

24.79,640,3.63,0.0068,0.0097,1.0253,1.5897,1.6444,1.0341

24.79,640,3.63,0.0068,0.0097,1.0253,1.5897,1.6444,1.0341

24.79,640,3.63,0.0068,0.0097,1.025,1.5897,1.6444,1.0341

24.79,640,3.63,0.0068,0.0097,1.025,1.4807,1.6444,1.0341

24.79,640,3.63,0.0068,0.0097,1.025,1.4807,1.6678,1.0341

24.79,640,3.63,0.0068,0.0097,1.025,1.4807,1.6678,1.0338

24.79,640,3.63,0.0068,0.0097,1.025,1.4807,1.6678,1.0338

24.8,640,3.63,0.0068,0.0097,1.025,1.4807,1.6678,1.0338

24.8,640,3.66,0.0068,0.0097,1.025,1.4807,1.6678,1.0338

24.8,640,3.66,0.0068,0.0097,1.025,1.4807,1.6678,1.0338

24.8,640,3.66,0.0068,0.0096,1.025,1.4807,1.6678,1.0338

24.8,640,3.66,0.0068,0.0096,1.0249,1.4807,1.6678,1.0338

24.8,640,3.66,0.0068,0.0096,1.0249,1.4728,1.6678,1.0338

24.8,640,3.66,0.0068,0.0096,1.0249,1.4728,1.6546,1.0338

24.8,640,3.66,0.0068,0.0096,1.0249,1.4728,1.6546,1.0364

24.8,580,3.66,0.0068,0.0096,1.0249,1.4728,1.6546,1.0364

24.78,580,3.66,0.0068,0.0096,1.0249,1.4728,1.6546,1.0364

24.78,580,3.67,0.0068,0.0096,1.0249,1.4728,1.6546,1.0364

24.78,580,3.67,0.0068,0.0096,1.0249,1.4728,1.6546,1.0364

24.78,580,3.67,0.0068,0.0096,1.0249,1.4728,1.6546,1.0364

24.78,580,3.67,0.0068,0.0096,1.0249,1.4728,1.6546,1.0364

24.78,580,3.67,0.0068,0.0096,1.0249,1.5188,1.6546,1.0364

24.78,580,3.67,0.0068,0.0096,1.0249,1.5188,1.7101,1.0364

24.78,580,3.67,0.0068,0.0096,1.0249,1.5188,1.7101,1.0353

24.78,620,3.67,0.0068,0.0096,1.0249,1.5188,1.7101,1.0353

24.79,620,3.67,0.0068,0.0096,1.0249,1.5188,1.7101,1.0353

24.79,620,3.67,0.0068,0.0096,1.0249,1.5188,1.7101,1.0353

24.79,620,3.67,0.0069,0.0096,1.0249,1.5188,1.7101,1.0353

24.79,620,3.67,0.0069,0.0095,1.0249,1.5188,1.7101,1.0353

24.79,620,3.67,0.0069,0.0095,1.0247,1.5188,1.7101,1.0353

24.79,620,3.67,0.0069,0.0095,1.0247,1.455,1.7101,1.0353

24.79,620,3.67,0.0069,0.0095,1.0247,1.455,1.6445,1.0353

24.79,620,3.67,0.0069,0.0095,1.0247,1.455,1.6445,1.0359

24.79,640,3.67,0.0069,0.0095,1.0247,1.455,1.6445,1.0359

24.8,640,3.67,0.0069,0.0095,1.0247,1.455,1.6445,1.0359

24.8,640,3.67,0.0069,0.0095,1.0247,1.455,1.6445,1.0359

24.8,640,3.67,0.0069,0.0095,1.0247,1.455,1.6445,1.0359

24.8,640,3.67,0.0069,0.0094,1.0247,1.455,1.6445,1.0359

24.8,640,3.67,0.0069,0.0094,1.0256,1.455,1.6445,1.0359

24.8,640,3.67,0.0069,0.0094,1.0256,1.7673,1.6445,1.0359

24.8,640,3.67,0.0069,0.0094,1.0256,1.7673,1.6702,1.0359

24.8,640,3.67,0.0069,0.0094,1.0256,1.7673,1.6702,1.0359

24.8,600,3.67,0.0069,0.0094,1.0256,1.7673,1.6702,1.0359

24.81,600,3.67,0.0069,0.0094,1.0256,1.7673,1.6702,1.0359

24.81,600,3.67,0.0069,0.0094,1.0256,1.7673,1.6702,1.0359

24.81,600,3.67,0.0069,0.0094,1.0256,1.7673,1.6702,1.0359

24.81,600,3.67,0.0069,0.0095,1.0256,1.7673,1.6702,1.0359

24.81,600,3.67,0.0069,0.0095,1.0251,1.7673,1.6702,1.0359

24.81,600,3.67,0.0069,0.0095,1.0251,1.6513,1.6702,1.0359

24.81,600,3.67,0.0069,0.0095,1.0251,1.6513,1.7024,1.0359

24.81,600,3.67,0.0069,0.0095,1.0251,1.6513,1.7024,1.0333

24.81,640,3.67,0.0069,0.0095,1.0251,1.6513,1.7024,1.0333

24.82,640,3.67,0.0069,0.0095,1.0251,1.6513,1.7024,1.0333

24.82,640,3.66,0.0069,0.0095,1.0251,1.6513,1.7024,1.0333

24.82,640,3.66,0.0069,0.0095,1.0251,1.6513,1.7024,1.0333

24.82,640,3.66,0.0069,0.0094,1.0251,1.6513,1.7024,1.0333

24.82,640,3.66,0.0069,0.0094,1.0254,1.6513,1.7024,1.0333

24.82,640,3.66,0.0069,0.0094,1.0254,1.4854,1.7024,1.0333

24.82,640,3.66,0.0069,0.0094,1.0254,1.4854,1.7065,1.0333

24.82,640,3.66,0.0069,0.0094,1.0254,1.4854,1.7065,1.0352

24.82,640,3.66,0.0069,0.0094,1.0254,1.4854,1.7065,1.0352

24.81,640,3.66,0.0069,0.0094,1.0254,1.4854,1.7065,1.0352

24.81,640,3.66,0.0069,0.0094,1.0254,1.4854,1.7065,1.0352

24.81,640,3.66,0.0069,0.0094,1.0254,1.4854,1.7065,1.0352

24.81,640,3.66,0.0069,0.0093,1.0254,1.4854,1.7065,1.0352

24.81,640,3.66,0.0069,0.0093,1.0255,1.4854,1.7065,1.0352

24.81,640,3.66,0.0069,0.0093,1.0255,1.4385,1.7065,1.0352

24.81,640,3.66,0.0069,0.0093,1.0255,1.4385,1.6608,1.0352

24.81,640,3.66,0.0069,0.0093,1.0255,1.4385,1.6608,1.0358

24.81,580,3.66,0.0069,0.0093,1.0255,1.4385,1.6608,1.0358

24.82,580,3.66,0.0069,0.0093,1.0255,1.4385,1.6608,1.0358

24.82,580,3.64,0.0069,0.0093,1.0255,1.4385,1.6608,1.0358

24.82,580,3.64,0.0068,0.0093,1.0255,1.4385,1.6608,1.0358

24.82,580,3.64,0.0068,0.0094,1.0255,1.4385,1.6608,1.0358

24.82,580,3.64,0.0068,0.0094,1.0247,1.4385,1.6608,1.0358

24.82,580,3.64,0.0068,0.0094,1.0247,1.485,1.6608,1.0358

24.82,580,3.64,0.0068,0.0094,1.0247,1.485,1.6411,1.0358

24.82,580,3.64,0.0068,0.0094,1.0247,1.485,1.6411,1.0355

24.82,620,3.64,0.0068,0.0094,1.0247,1.485,1.6411,1.0355

24.82,620,3.64,0.0068,0.0094,1.0247,1.485,1.6411,1.0355

24.82,620,3.67,0.0068,0.0094,1.0247,1.485,1.6411,1.0355

24.82,620,3.67,0.0069,0.0094,1.0247,1.485,1.6411,1.0355

24.82,620,3.67,0.0069,0.0093,1.0247,1.485,1.6411,1.0355

24.82,620,3.67,0.0069,0.0093,1.0257,1.485,1.6411,1.0355

24.82,620,3.67,0.0069,0.0093,1.0257,1.4935,1.6411,1.0355

24.82,620,3.67,0.0069,0.0093,1.0257,1.4935,1.6352,1.0355

24.82,620,3.67,0.0069,0.0093,1.0257,1.4935,1.6352,1.0349

24.82,620,3.67,0.0069,0.0093,1.0257,1.4935,1.6352,1.0349

24.83,620,3.67,0.0069,0.0093,1.0257,1.4935,1.6352,1.0349

24.83,620,3.67,0.0069,0.0093,1.0257,1.4935,1.6352,1.0349

24.83,620,3.67,0.0068,0.0093,1.0257,1.4935,1.6352,1.0349

24.83,620,3.67,0.0068,0.0093,1.0257,1.4935,1.6352,1.0349

24.83,620,3.67,0.0068,0.0093,1.0251,1.4935,1.6352,1.0349

24.83,620,3.67,0.0068,0.0093,1.0251,1.4985,1.6352,1.0349

24.83,620,3.67,0.0068,0.0093,1.0251,1.4985,1.6747,1.0349

24.83,620,3.67,0.0068,0.0093,1.0251,1.4985,1.6747,1.0362

24.83,620,3.67,0.0068,0.0093,1.0251,1.4985,1.6747,1.0362

24.84,620,3.67,0.0068,0.0093,1.0251,1.4985,1.6747,1.0362

24.84,620,3.66,0.0068,0.0093,1.0251,1.4985,1.6747,1.0362

24.84,620,3.66,0.0069,0.0093,1.0251,1.4985,1.6747,1.0362

24.84,620,3.66,0.0069,0.0093,1.0251,1.4985,1.6747,1.0362

24.84,620,3.66,0.0069,0.0093,1.0253,1.4985,1.6747,1.0362

24.84,620,3.66,0.0069,0.0093,1.0253,1.49,1.6747,1.0362

24.84,620,3.66,0.0069,0.0093,1.0253,1.49,1.5939,1.0362

24.84,620,3.66,0.0069,0.0093,1.0253,1.49,1.5939,1.036

24.84,600,3.66,0.0069,0.0093,1.0253,1.49,1.5939,1.036

24.85,600,3.66,0.0069,0.0093,1.0253,1.49,1.5939,1.036

24.85,600,3.64,0.0069,0.0093,1.0253,1.49,1.5939,1.036

24.85,600,3.64,0.0069,0.0093,1.0253,1.49,1.5939,1.036

24.85,600,3.64,0.0069,0.0093,1.0253,1.49,1.5939,1.036

24.85,600,3.64,0.0069,0.0093,1.0247,1.49,1.5939,1.036

24.85,600,3.64,0.0069,0.0093,1.0247,1.4868,1.5939,1.036

24.85,600,3.64,0.0069,0.0093,1.0247,1.4868,1.6025,1.036

24.85,600,3.64,0.0069,0.0093,1.0247,1.4868,1.6025,1.0355

24.85,600,3.64,0.0069,0.0093,1.0247,1.4868,1.6025,1.0355

24.85,600,3.64,0.0069,0.0093,1.0247,1.4868,1.6025,1.0355

24.85,600,3.64,0.0069,0.0093,1.0247,1.4868,1.6025,1.0355

24.85,600,3.64,0.0069,0.0093,1.0247,1.4868,1.6025,1.0355

24.85,600,3.64,0.0069,0.0093,1.0247,1.4868,1.6025,1.0355

24.85,600,3.64,0.0069,0.0093,1.0248,1.4868,1.6025,1.0355

24.85,600,3.64,0.0069,0.0093,1.0248,1.4711,1.6025,1.0355

24.85,600,3.64,0.0069,0.0093,1.0248,1.4711,1.6619,1.0355

24.85,600,3.64,0.0069,0.0093,1.0248,1.4711,1.6619,1.0345

24.85,600,3.64,0.0069,0.0093,1.0248,1.4711,1.6619,1.0345

24.86,600,3.64,0.0069,0.0093,1.0248,1.4711,1.6619,1.0345

24.86,600,3.66,0.0069,0.0093,1.0248,1.4711,1.6619,1.0345

24.86,600,3.66,0.0069,0.0093,1.0248,1.4711,1.6619,1.0345

24.86,600,3.66,0.0069,0.0093,1.0248,1.4711,1.6619,1.0345

24.86,600,3.66,0.0069,0.0093,1.0241,1.4711,1.6619,1.0345

24.86,600,3.66,0.0069,0.0093,1.0241,1.4512,1.6619,1.0345

24.86,600,3.66,0.0069,0.0093,1.0241,1.4512,1.6861,1.0345

24.86,600,3.66,0.0069,0.0093,1.0241,1.4512,1.6861,1.0344

24.86,620,3.66,0.0069,0.0093,1.0241,1.4512,1.6861,1.0344

24.87,620,3.66,0.0069,0.0093,1.0241,1.4512,1.6861,1.0344

24.87,620,3.67,0.0069,0.0093,1.0241,1.4512,1.6861,1.0344

24.87,620,3.67,0.0069,0.0093,1.0241,1.4512,1.6861,1.0344

24.87,620,3.67,0.0069,0.0092,1.0241,1.4512,1.6861,1.0344

24.87,620,3.67,0.0069,0.0092,1.0254,1.4512,1.6861,1.0344

24.87,620,3.67,0.0069,0.0092,1.0254,1.477,1.6861,1.0344

24.87,620,3.67,0.0069,0.0092,1.0254,1.477,1.6279,1.0344

24.87,620,3.67,0.0069,0.0092,1.0254,1.477,1.6279,1.035

