21.74,500,3.66,0.0023,0.001,1.0267,1.6738,29.9785,1.0016

21.75,500,3.66,0.0023,0.001,1.0267,1.6738,29.9785,1.0016

21.75,500,3.66,0.0023,0.001,1.0267,1.6738,29.9785,1.0016

21.75,500,3.66,0.0024,0.001,1.0267,1.6738,29.9785,1.0016

21.75,500,3.66,0.0024,0.001,1.0267,1.6738,29.9785,1.0016

21.75,500,3.66,0.0024,0.001,1.0264,1.6738,29.9785,1.0016

21.75,500,3.66,0.0024,0.001,1.0264,2.1031,29.9785,1.0016

21.75,500,3.66,0.0024,0.001,1.0264,2.1031,30.4502,1.0016

21.75,500,3.66,0.0024,0.001,1.0264,2.1031,30.4502,1.0022

21.75,520,3.66,0.0024,0.001,1.0264,2.1031,30.4502,1.0022

21.79,520,3.66,0.0024,0.001,1.0264,2.1031,30.4502,1.0022

21.79,520,3.66,0.0024,0.001,1.0264,2.1031,30.4502,1.0022

21.79,520,3.66,0.0024,0.001,1.0264,2.1031,30.4502,1.0022

21.79,520,3.66,0.0024,0.0011,1.0264,2.1031,30.4502,1.0022

21.79,520,3.66,0.0024,0.0011,1.0263,2.1031,30.4502,1.0022

21.79,520,3.66,0.0024,0.0011,1.0263,1.626,30.4502,1.0022

21.79,520,3.66,0.0024,0.0011,1.0263,1.626,29.4898,1.0022

21.79,520,3.66,0.0024,0.0011,1.0263,1.626,29.4898,1.0017

21.79,500,3.66,0.0024,0.0011,1.0263,1.626,29.4898,1.0017

21.8,500,3.66,0.0024,0.0011,1.0263,1.626,29.4898,1.0017

21.8,500,3.67,0.0024,0.0011,1.0263,1.626,29.4898,1.0017

21.8,500,3.67,0.0024,0.0011,1.0263,1.626,29.4898,1.0017

21.8,500,3.67,0.0024,0.001,1.0263,1.626,29.4898,1.0017

21.8,500,3.67,0.0024,0.001,1.0262,1.626,29.4898,1.0017

21.8,500,3.67,0.0024,0.001,1.0262,1.6698,29.4898,1.0017

21.8,500,3.67,0.0024,0.001,1.0262,1.6698,31.6447,1.0017

21.8,500,3.67,0.0024,0.001,1.0262,1.6698,31.6447,1.0016

21.8,580,3.67,0.0024,0.001,1.0262,1.6698,31.6447,1.0016

21.81,580,3.67,0.0024,0.001,1.0262,1.6698,31.6447,1.0016

21.81,580,3.66,0.0024,0.001,1.0262,1.6698,31.6447,1.0016

21.81,580,3.66,0.0023,0.001,1.0262,1.6698,31.6447,1.0016

21.81,580,3.66,0.0023,0.001,1.0262,1.6698,31.6447,1.0016

21.81,580,3.66,0.0023,0.001,1.0263,1.6698,31.6447,1.0016

21.81,580,3.66,0.0023,0.001,1.0263,1.5634,31.6447,1.0016

21.81,580,3.66,0.0023,0.001,1.0263,1.5634,30.6789,1.0016

21.81,580,3.66,0.0023,0.001,1.0263,1.5634,30.6789,1.0016

21.81,540,3.66,0.0023,0.001,1.0263,1.5634,30.6789,1.0016

21.84,540,3.66,0.0023,0.001,1.0263,1.5634,30.6789,1.0016

21.84,540,3.64,0.0023,0.001,1.0263,1.5634,30.6789,1.0016

21.84,540,3.64,0.0024,0.001,1.0263,1.5634,30.6789,1.0016

21.84,540,3.64,0.0024,0.0011,1.0263,1.5634,30.6789,1.0016

21.84,540,3.64,0.0024,0.0011,1.0262,1.5634,30.6789,1.0016

21.84,540,3.64,0.0024,0.0011,1.0262,1.6318,30.6789,1.0016

21.84,540,3.64,0.0024,0.0011,1.0262,1.6318,27.9375,1.0016

21.84,540,3.64,0.0024,0.0011,1.0262,1.6318,27.9375,1.0016

21.84,540,3.64,0.0024,0.0011,1.0262,1.6318,27.9375,1.0016

21.86,540,3.64,0.0024,0.0011,1.0262,1.6318,27.9375,1.0016

21.86,540,3.67,0.0024,0.0011,1.0262,1.6318,27.9375,1.0016

21.86,540,3.67,0.0024,0.0011,1.0262,1.6318,27.9375,1.0016

21.86,540,3.67,0.0024,0.0011,1.0262,1.6318,27.9375,1.0016

21.86,540,3.67,0.0024,0.0011,1.0263,1.6318,27.9375,1.0016

21.86,540,3.67,0.0024,0.0011,1.0263,1.7934,27.9375,1.0016

21.86,540,3.67,0.0024,0.0011,1.0263,1.7934,29.6646,1.0016

21.86,540,3.67,0.0024,0.0011,1.0263,1.7934,29.6646,1.0018

21.86,600,3.67,0.0024,0.0011,1.0263,1.7934,29.6646,1.0018

21.89,600,3.67,0.0024,0.0011,1.0263,1.7934,29.6646,1.0018

21.89,600,3.67,0.0024,0.0011,1.0263,1.7934,29.6646,1.0018

21.89,600,3.67,0.0024,0.0011,1.0263,1.7934,29.6646,1.0018

21.89,600,3.67,0.0024,0.0011,1.0263,1.7934,29.6646,1.0018

21.89,600,3.67,0.0024,0.0011,1.0262,1.7934,29.6646,1.0018

21.89,600,3.67,0.0024,0.0011,1.0262,1.6678,29.6646,1.0018

21.89,600,3.67,0.0024,0.0011,1.0262,1.6678,27.8381,1.0018

21.89,600,3.67,0.0024,0.0011,1.0262,1.6678,27.8381,1.0015

21.89,580,3.67,0.0024,0.0011,1.0262,1.6678,27.8381,1.0015

21.92,580,3.67,0.0024,0.0011,1.0262,1.6678,27.8381,1.0015

21.92,580,3.64,0.0024,0.0011,1.0262,1.6678,27.8381,1.0015

21.92,580,3.64,0.0024,0.0011,1.0262,1.6678,27.8381,1.0015

21.92,580,3.64,0.0024,0.001,1.0262,1.6678,27.8381,1.0015

21.92,580,3.64,0.0024,0.001,1.0262,1.6678,27.8381,1.0015

21.92,580,3.64,0.0024,0.001,1.0262,1.7295,27.8381,1.0015

21.92,580,3.64,0.0024,0.001,1.0262,1.7295,32.0416,1.0015

21.92,580,3.64,0.0024,0.001,1.0262,1.7295,32.0416,1.0018

21.92,520,3.64,0.0024,0.001,1.0262,1.7295,32.0416,1.0018

21.94,520,3.64,0.0024,0.001,1.0262,1.7295,32.0416,1.0018

21.94,520,3.67,0.0024,0.001,1.0262,1.7295,32.0416,1.0018

21.94,520,3.67,0.0023,0.001,1.0262,1.7295,32.0416,1.0018

21.94,520,3.67,0.0023,0.001,1.0262,1.7295,32.0416,1.0018

21.94,520,3.67,0.0023,0.001,1.0261,1.7295,32.0416,1.0018

21.94,520,3.67,0.0023,0.001,1.0261,1.8334,32.0416,1.0018

21.94,520,3.67,0.0023,0.001,1.0261,1.8334,29.7682,1.0018

21.94,520,3.67,0.0023,0.001,1.0261,1.8334,29.7682,1.0017

21.94,580,3.67,0.0023,0.001,1.0261,1.8334,29.7682,1.0017

21.98,580,3.67,0.0023,0.001,1.0261,1.8334,29.7682,1.0017

21.98,580,3.67,0.0023,0.001,1.0261,1.8334,29.7682,1.0017

21.98,580,3.67,0.0024,0.001,1.0261,1.8334,29.7682,1.0017

21.98,580,3.67,0.0024,0.001,1.0261,1.8334,29.7682,1.0017

21.98,580,3.67,0.0024,0.001,1.0262,1.8334,29.7682,1.0017

21.98,580,3.67,0.0024,0.001,1.0262,1.7417,29.7682,1.0017

21.98,580,3.67,0.0024,0.001,1.0262,1.7417,30.0685,1.0017

21.98,580,3.67,0.0024,0.001,1.0262,1.7417,30.0685,1.002

21.98,560,3.67,0.0024,0.001,1.0262,1.7417,30.0685,1.002

21.99,560,3.67,0.0024,0.001,1.0262,1.7417,30.0685,1.002

21.99,560,3.66,0.0024,0.001,1.0262,1.7417,30.0685,1.002

21.99,560,3.66,0.0023,0.001,1.0262,1.7417,30.0685,1.002

21.99,560,3.66,0.0023,0.0009,1.0262,1.7417,30.0685,1.002

21.99,560,3.66,0.0023,0.0009,1.0263,1.7417,30.0685,1.002

21.99,560,3.66,0.0023,0.0009,1.0263,1.7409,30.0685,1.002

21.99,560,3.66,0.0023,0.0009,1.0263,1.7409,32.9791,1.002

21.99,560,3.66,0.0023,0.0009,1.0263,1.7409,32.9791,1.0016

21.99,540,3.66,0.0023,0.0009,1.0263,1.7409,32.9791,1.0016

22.02,540,3.66,0.0023,0.0009,1.0263,1.7409,32.9791,1.0016

22.02,540,3.66,0.0023,0.0009,1.0263,1.7409,32.9791,1.0016

22.02,540,3.66,0.0023,0.0009,1.0263,1.7409,32.9791,1.0016

22.02,540,3.66,0.0023,0.0009,1.0263,1.7409,32.9791,1.0016

22.02,540,3.66,0.0023,0.0009,1.0264,1.7409,32.9791,1.0016

22.02,540,3.66,0.0023,0.0009,1.0264,1.5244,32.9791,1.0016

22.02,540,3.66,0.0023,0.0009,1.0264,1.5244,33.9636,1.0016

22.02,540,3.66,0.0023,0.0009,1.0264,1.5244,33.9636,1.0016

22.02,600,3.66,0.0023,0.0009,1.0264,1.5244,33.9636,1.0016

22.06,600,3.66,0.0023,0.0009,1.0264,1.5244,33.9636,1.0016

22.06,600,3.64,0.0023,0.0009,1.0264,1.5244,33.9636,1.0016

22.06,600,3.64,0.0023,0.0009,1.0264,1.5244,33.9636,1.0016

22.06,600,3.64,0.0023,0.0009,1.0264,1.5244,33.9636,1.0016

22.06,600,3.64,0.0023,0.0009,1.0263,1.5244,33.9636,1.0016

22.06,600,3.64,0.0023,0.0009,1.0263,1.6997,33.9636,1.0016

22.06,600,3.64,0.0023,0.0009,1.0263,1.6997,34.4988,1.0016

22.06,600,3.64,0.0023,0.0009,1.0263,1.6997,34.4988,1.0015

22.06,520,3.64,0.0023,0.0009,1.0263,1.6997,34.4988,1.0015

22.08,520,3.64,0.0023,0.0009,1.0263,1.6997,34.4988,1.0015

22.08,520,3.67,0.0023,0.0009,1.0263,1.6997,34.4988,1.0015

22.08,520,3.67,0.0023,0.0009,1.0263,1.6997,34.4988,1.0015

22.08,520,3.67,0.0023,0.001,1.0263,1.6997,34.4988,1.0015

22.08,520,3.67,0.0023,0.001,1.0263,1.6997,34.4988,1.0015

22.08,520,3.67,0.0023,0.001,1.0263,1.6313,34.4988,1.0015

22.08,520,3.67,0.0023,0.001,1.0263,1.6313,31.9175,1.0015

22.08,520,3.67,0.0023,0.001,1.0263,1.6313,31.9175,1.0015

22.08,540,3.67,0.0023,0.001,1.0263,1.6313,31.9175,1.0015

22.1,540,3.67,0.0023,0.001,1.0263,1.6313,31.9175,1.0015

22.1,540,3.67,0.0023,0.001,1.0263,1.6313,31.9175,1.0015

22.1,540,3.67,0.0024,0.001,1.0263,1.6313,31.9175,1.0015

22.1,540,3.67,0.0024,0.001,1.0263,1.6313,31.9175,1.0015

22.1,540,3.67,0.0024,0.001,1.0262,1.6313,31.9175,1.0015

22.1,540,3.67,0.0024,0.001,1.0262,1.7523,31.9175,1.0015

22.1,540,3.67,0.0024,0.001,1.0262,1.7523,31.4784,1.0015

22.1,540,3.67,0.0024,0.001,1.0262,1.7523,31.4784,1.0016

22.1,580,3.67,0.0024,0.001,1.0262,1.7523,31.4784,1.0016

22.12,580,3.67,0.0024,0.001,1.0262,1.7523,31.4784,1.0016

22.12,580,3.67,0.0024,0.001,1.0262,1.7523,31.4784,1.0016

22.12,580,3.67,0.0024,0.001,1.0262,1.7523,31.4784,1.0016

22.12,580,3.67,0.0024,0.001,1.0262,1.7523,31.4784,1.0016

22.12,580,3.67,0.0024,0.001,1.0261,1.7523,31.4784,1.0016

22.12,580,3.67,0.0024,0.001,1.0261,1.6438,31.4784,1.0016

22.12,580,3.67,0.0024,0.001,1.0261,1.6438,31.9542,1.0016

22.12,580,3.67,0.0024,0.001,1.0261,1.6438,31.9542,1.0017

22.12,600,3.67,0.0024,0.001,1.0261,1.6438,31.9542,1.0017

22.14,600,3.67,0.0024,0.001,1.0261,1.6438,31.9542,1.0017

22.14,600,3.67,0.0024,0.001,1.0261,1.6438,31.9542,1.0017

22.14,600,3.67,0.0024,0.001,1.0261,1.6438,31.9542,1.0017

22.14,600,3.67,0.0024,0.0009,1.0261,1.6438,31.9542,1.0017

22.14,600,3.67,0.0024,0.0009,1.026,1.6438,31.9542,1.0017

22.14,600,3.67,0.0024,0.0009,1.026,1.658,31.9542,1.0017

22.14,600,3.67,0.0024,0.0009,1.026,1.658,33.9369,1.0017

22.14,600,3.67,0.0024,0.0009,1.026,1.658,33.9369,1.0015

22.14,540,3.67,0.0024,0.0009,1.026,1.658,33.9369,1.0015

22.16,540,3.67,0.0024,0.0009,1.026,1.658,33.9369,1.0015

22.16,540,3.67,0.0024,0.0009,1.026,1.658,33.9369,1.0015

22.16,540,3.67,0.0023,0.0009,1.026,1.658,33.9369,1.0015

22.16,540,3.67,0.0023,0.0009,1.026,1.658,33.9369,1.0015

22.16,540,3.67,0.0023,0.0009,1.0262,1.658,33.9369,1.0015

22.16,540,3.67,0.0023,0.0009,1.0262,1.739,33.9369,1.0015

22.16,540,3.67,0.0023,0.0009,1.0262,1.739,33.1833,1.0015

22.16,540,3.67,0.0023,0.0009,1.0262,1.739,33.1833,1.0015

22.16,580,3.67,0.0023,0.0009,1.0262,1.739,33.1833,1.0015

22.19,580,3.67,0.0023,0.0009,1.0262,1.739,33.1833,1.0015

22.19,580,3.67,0.0023,0.0009,1.0262,1.739,33.1833,1.0015

22.19,580,3.67,0.0024,0.0009,1.0262,1.739,33.1833,1.0015

22.19,580,3.67,0.0024,0.001,1.0262,1.739,33.1833,1.0015

22.19,580,3.67,0.0024,0.001,1.0261,1.739,33.1833,1.0015

22.19,580,3.67,0.0024,0.001,1.0261,1.7372,33.1833,1.0015

22.19,580,3.67,0.0024,0.001,1.0261,1.7372,30.7043,1.0015

22.19,580,3.67,0.0024,0.001,1.0261,1.7372,30.7043,1.0017

22.19,560,3.67,0.0024,0.001,1.0261,1.7372,30.7043,1.0017

22.22,560,3.67,0.0024,0.001,1.0261,1.7372,30.7043,1.0017

22.22,560,3.67,0.0024,0.001,1.0261,1.7372,30.7043,1.0017

22.22,560,3.67,0.0024,0.001,1.0261,1.7372,30.7043,1.0017

22.22,560,3.67,0.0024,0.001,1.0261,1.7372,30.7043,1.0017

22.22,560,3.67,0.0024,0.001,1.0261,1.7372,30.7043,1.0017

22.22,560,3.67,0.0024,0.001,1.0261,1.6443,30.7043,1.0017

22.22,560,3.67,0.0024,0.001,1.0261,1.6443,30.5613,1.0017

22.22,560,3.67,0.0024,0.001,1.0261,1.6443,30.5613,1.0019

22.22,520,3.67,0.0024,0.001,1.0261,1.6443,30.5613,1.0019

22.25,520,3.67,0.0024,0.001,1.0261,1.6443,30.5613,1.0019

22.25,520,3.65,0.0024,0.001,1.0261,1.6443,30.5613,1.0019

22.25,520,3.65,0.0025,0.001,1.0261,1.6443,30.5613,1.0019

22.25,520,3.65,0.0025,0.001,1.0261,1.6443,30.5613,1.0019

22.25,520,3.65,0.0025,0.001,1.026,1.6443,30.5613,1.0019

22.25,520,3.65,0.0025,0.001,1.026,1.7422,30.5613,1.0019

22.25,520,3.65,0.0025,0.001,1.026,1.7422,31.2502,1.0019

22.25,520,3.65,0.0025,0.001,1.026,1.7422,31.2502,1.0017

22.25,520,3.65,0.0025,0.001,1.026,1.7422,31.2502,1.0017

22.26,520,3.65,0.0025,0.001,1.026,1.7422,31.2502,1.0017

22.26,520,3.62,0.0025,0.001,1.026,1.7422,31.2502,1.0017

22.26,520,3.62,0.0024,0.001,1.026,1.7422,31.2502,1.0017

22.26,520,3.62,0.0024,0.001,1.026,1.7422,31.2502,1.0017

22.26,520,3.62,0.0024,0.001,1.0262,1.7422,31.2502,1.0017

22.26,520,3.62,0.0024,0.001,1.0262,1.6772,31.2502,1.0017

22.26,520,3.62,0.0024,0.001,1.0262,1.6772,29.8257,1.0017

22.26,520,3.62,0.0024,0.001,1.0262,1.6772,29.8257,1.0049

22.26,580,3.62,0.0024,0.001,1.0262,1.6772,29.8257,1.0049

22.29,580,3.62,0.0024,0.001,1.0262,1.6772,29.8257,1.0049

22.29,580,3.67,0.0024,0.001,1.0262,1.6772,29.8257,1.0049

22.29,580,3.67,0.0024,0.001,1.0262,1.6772,29.8257,1.0049

22.29,580,3.67,0.0024,0.001,1.0262,1.6772,29.8257,1.0049

22.29,580,3.67,0.0024,0.001,1.0257,1.6772,29.8257,1.0049

22.29,580,3.67,0.0024,0.001,1.0257,1.734,29.8257,1.0049

22.29,580,3.67,0.0024,0.001,1.0257,1.734,30.4428,1.0049

22.29,580,3.67,0.0024,0.001,1.0257,1.734,30.4428,1.0016

22.29,600,3.67,0.0024,0.001,1.0257,1.734,30.4428,1.0016

22.32,600,3.67,0.0024,0.001,1.0257,1.734,30.4428,1.0016

22.32,600,3.67,0.0024,0.001,1.0257,1.734,30.4428,1.0016

22.32,600,3.67,0.0023,0.001,1.0257,1.734,30.4428,1.0016

22.32,600,3.67,0.0023,0.001,1.0257,1.734,30.4428,1.0016

22.32,600,3.67,0.0023,0.001,1.0256,1.734,30.4428,1.0016

22.32,600,3.67,0.0023,0.001,1.0256,1.9399,30.4428,1.0016

22.32,600,3.67,0.0023,0.001,1.0256,1.9399,30.8721,1.0016

22.32,600,3.67,0.0023,0.001,1.0256,1.9399,30.8721,1.0016

22.32,560,3.67,0.0023,0.001,1.0256,1.9399,30.8721,1.0016

22.34,560,3.67,0.0023,0.001,1.0256,1.9399,30.8721,1.0016

22.34,560,3.67,0.0023,0.001,1.0256,1.9399,30.8721,1.0016

22.34,560,3.67,0.0024,0.001,1.0256,1.9399,30.8721,1.0016

22.34,560,3.67,0.0024,0.001,1.0256,1.9399,30.8721,1.0016

22.34,560,3.67,0.0024,0.001,1.0258,1.9399,30.8721,1.0016

22.34,560,3.67,0.0024,0.001,1.0258,1.8027,30.8721,1.0016

22.34,560,3.67,0.0024,0.001,1.0258,1.8027,31.307,1.0016

22.34,560,3.67,0.0024,0.001,1.0258,1.8027,31.307,1.0017

22.34,580,3.67,0.0024,0.001,1.0258,1.8027,31.307,1.0017

22.37,580,3.67,0.0024,0.001,1.0258,1.8027,31.307,1.0017

22.37,580,3.66,0.0024,0.001,1.0258,1.8027,31.307,1.0017

22.37,580,3.66,0.0024,0.001,1.0258,1.8027,31.307,1.0017

22.37,580,3.66,0.0024,0.001,1.0258,1.8027,31.307,1.0017

22.37,580,3.66,0.0024,0.001,1.0257,1.8027,31.307,1.0017

22.37,580,3.66,0.0024,0.001,1.0257,1.7572,31.307,1.0017

22.37,580,3.66,0.0024,0.001,1.0257,1.7572,30.18,1.0017

22.37,580,3.66,0.0024,0.001,1.0257,1.7572,30.18,1.0017

22.37,580,3.66,0.0024,0.001,1.0257,1.7572,30.18,1.0017

22.4,580,3.66,0.0024,0.001,1.0257,1.7572,30.18,1.0017

22.4,580,3.64,0.0024,0.001,1.0257,1.7572,30.18,1.0017

22.4,580,3.64,0.0023,0.001,1.0257,1.7572,30.18,1.0017

22.4,580,3.64,0.0023,0.0011,1.0257,1.7572,30.18,1.0017

22.4,580,3.64,0.0023,0.0011,1.0258,1.7572,30.18,1.0017

22.4,580,3.64,0.0023,0.0011,1.0258,1.9795,30.18,1.0017

22.4,580,3.64,0.0023,0.0011,1.0258,1.9795,28.9615,1.0017

22.4,580,3.64,0.0023,0.0011,1.0258,1.9795,28.9615,1.002

22.4,560,3.64,0.0023,0.0011,1.0258,1.9795,28.9615,1.002

22.44,560,3.64,0.0023,0.0011,1.0258,1.9795,28.9615,1.002

22.44,560,3.67,0.0023,0.0011,1.0258,1.9795,28.9615,1.002

22.44,560,3.67,0.0024,0.0011,1.0258,1.9795,28.9615,1.002

22.44,560,3.67,0.0024,0.001,1.0258,1.9795,28.9615,1.002

22.44,560,3.67,0.0024,0.001,1.0259,1.9795,28.9615,1.002

22.44,560,3.67,0.0024,0.001,1.0259,1.8357,28.9615,1.002

22.44,560,3.67,0.0024,0.001,1.0259,1.8357,30.1739,1.002

22.44,560,3.67,0.0024,0.001,1.0259,1.8357,30.1739,1.0021

22.44,560,3.67,0.0024,0.001,1.0259,1.8357,30.1739,1.0021

22.46,560,3.67,0.0024,0.001,1.0259,1.8357,30.1739,1.0021

22.46,560,3.67,0.0024,0.001,1.0259,1.8357,30.1739,1.0021

22.46,560,3.67,0.0024,0.001,1.0259,1.8357,30.1739,1.0021

22.46,560,3.67,0.0024,0.0011,1.0259,1.8357,30.1739,1.0021

22.46,560,3.67,0.0024,0.0011,1.0259,1.8357,30.1739,1.0021

22.46,560,3.67,0.0024,0.0011,1.0259,1.8943,30.1739,1.0021

22.46,560,3.67,0.0024,0.0011,1.0259,1.8943,28.3901,1.0021

22.46,560,3.67,0.0024,0.0011,1.0259,1.8943,28.3901,1.0016

22.46,580,3.67,0.0024,0.0011,1.0259,1.8943,28.3901,1.0016

22.5,580,3.67,0.0024,0.0011,1.0259,1.8943,28.3901,1.0016

22.5,580,3.67,0.0024,0.0011,1.0259,1.8943,28.3901,1.0016

22.5,580,3.67,0.0024,0.0011,1.0259,1.8943,28.3901,1.0016

22.5,580,3.67,0.0024,0.001,1.0259,1.8943,28.3901,1.0016

22.5,580,3.67,0.0024,0.001,1.026,1.8943,28.3901,1.0016

22.5,580,3.67,0.0024,0.001,1.026,1.7838,28.3901,1.0016

22.5,580,3.67,0.0024,0.001,1.026,1.7838,30.5254,1.0016

22.5,580,3.67,0.0024,0.001,1.026,1.7838,30.5254,1.0016

22.5,580,3.67,0.0024,0.001,1.026,1.7838,30.5254,1.0016

22.53,580,3.67,0.0024,0.001,1.026,1.7838,30.5254,1.0016

22.53,580,3.67,0.0024,0.001,1.026,1.7838,30.5254,1.0016

22.53,580,3.67,0.0024,0.001,1.026,1.7838,30.5254,1.0016

22.53,580,3.67,0.0024,0.001,1.026,1.7838,30.5254,1.0016

22.53,580,3.67,0.0024,0.001,1.026,1.7838,30.5254,1.0016

22.53,580,3.67,0.0024,0.001,1.026,1.7619,30.5254,1.0016

22.53,580,3.67,0.0024,0.001,1.026,1.7619,29.9736,1.0016

22.53,580,3.67,0.0024,0.001,1.026,1.7619,29.9736,1.0035

22.53,700,3.67,0.0024,0.001,1.026,1.7619,29.9736,1.0035

22.56,700,3.67,0.0024,0.001,1.026,1.7619,29.9736,1.0035

22.56,700,3.67,0.0024,0.001,1.026,1.7619,29.9736,1.0035

22.56,700,3.67,0.0024,0.001,1.026,1.7619,29.9736,1.0035

22.56,700,3.67,0.0024,0.0011,1.026,1.7619,29.9736,1.0035

22.56,700,3.67,0.0024,0.0011,1.0259,1.7619,29.9736,1.0035

22.56,700,3.67,0.0024,0.0011,1.0259,1.9045,29.9736,1.0035

22.56,700,3.67,0.0024,0.0011,1.0259,1.9045,29.3033,1.0035

22.56,700,3.67,0.0024,0.0011,1.0259,1.9045,29.3033,1.0025

22.56,700,3.67,0.0024,0.0011,1.0259,1.9045,29.3033,1.0025

22.6,700,3.67,0.0024,0.0011,1.0259,1.9045,29.3033,1.0025

22.6,700,3.66,0.0024,0.0011,1.0259,1.9045,29.3033,1.0025

22.6,700,3.66,0.0024,0.0011,1.0259,1.9045,29.3033,1.0025

22.6,700,3.66,0.0024,0.001,1.0259,1.9045,29.3033,1.0025

22.6,700,3.66,0.0024,0.001,1.0255,1.9045,29.3033,1.0025

22.6,700,3.66,0.0024,0.001,1.0255,1.9543,29.3033,1.0025

22.6,700,3.66,0.0024,0.001,1.0255,1.9543,31.4839,1.0025

22.6,700,3.66,0.0024,0.001,1.0255,1.9543,31.4839,1.0022

22.6,700,3.66,0.0024,0.001,1.0255,1.9543,31.4839,1.0022

22.64,700,3.66,0.0024,0.001,1.0255,1.9543,31.4839,1.0022

22.64,700,3.63,0.0024,0.001,1.0255,1.9543,31.4839,1.0022

22.64,700,3.63,0.0025,0.001,1.0255,1.9543,31.4839,1.0022

22.64,700,3.63,0.0025,0.0011,1.0255,1.9543,31.4839,1.0022

22.64,700,3.63,0.0025,0.0011,1.0255,1.9543,31.4839,1.0022

22.64,700,3.63,0.0025,0.0011,1.0255,12.0424,31.4839,1.0022

22.64,700,3.63,0.0025,0.0011,1.0255,12.0424,28.1881,1.0022

22.64,700,3.63,0.0025,0.0011,1.0255,12.0424,28.1881,1.0022

22.64,700,3.63,0.0025,0.0011,1.0255,12.0424,28.1881,1.0022

22.69,700,3.63,0.0025,0.0011,1.0255,12.0424,28.1881,1.0022

22.69,700,3.66,0.0025,0.0011,1.0255,12.0424,28.1881,1.0022

22.69,700,3.66,0.0024,0.0011,1.0255,12.0424,28.1881,1.0022

22.69,700,3.66,0.0024,0.0011,1.0255,12.0424,28.1881,1.0022

22.69,700,3.66,0.0024,0.0011,1.0256,12.0424,28.1881,1.0022

22.69,700,3.66,0.0024,0.0011,1.0256,1.958,28.1881,1.0022

22.69,700,3.66,0.0024,0.0011,1.0256,1.958,27.5095,1.0022

22.69,700,3.66,0.0024,0.0011,1.0256,1.958,27.5095,1.0021

22.69,700,3.66,0.0024,0.0011,1.0256,1.958,27.5095,1.0021

22.71,700,3.66,0.0024,0.0011,1.0256,1.958,27.5095,1.0021

22.71,700,3.67,0.0024,0.0011,1.0256,1.958,27.5095,1.0021

22.71,700,3.67,0.0024,0.0011,1.0256,1.958,27.5095,1.0021

22.71,700,3.67,0.0024,0.0011,1.0256,1.958,27.5095,1.0021

22.71,700,3.67,0.0024,0.0011,1.0256,1.958,27.5095,1.0021

22.71,700,3.67,0.0024,0.0011,1.0256,1.853,27.5095,1.0021

22.71,700,3.67,0.0024,0.0011,1.0256,1.853,28.8305,1.0021

22.71,700,3.67,0.0024,0.0011,1.0256,1.853,28.8305,1.002

22.71,700,3.67,0.0024,0.0011,1.0256,1.853,28.8305,1.002

22.77,700,3.67,0.0024,0.0011,1.0256,1.853,28.8305,1.002

22.77,700,3.67,0.0024,0.0011,1.0256,1.853,28.8305,1.002

22.77,700,3.67,0.0025,0.0011,1.0256,1.853,28.8305,1.002

22.77,700,3.67,0.0025,0.001,1.0256,1.853,28.8305,1.002

22.77,700,3.67,0.0025,0.001,1.0255,1.853,28.8305,1.002

22.77,700,3.67,0.0025,0.001,1.0255,2.0195,28.8305,1.002

22.77,700,3.67,0.0025,0.001,1.0255,2.0195,31.2714,1.002

22.77,700,3.67,0.0025,0.001,1.0255,2.0195,31.2714,1.002

22.77,700,3.67,0.0025,0.001,1.0255,2.0195,31.2714,1.002

22.81,700,3.67,0.0025,0.001,1.0255,2.0195,31.2714,1.002

22.81,700,3.67,0.0025,0.001,1.0255,2.0195,31.2714,1.002

22.81,700,3.67,0.0025,0.001,1.0255,2.0195,31.2714,1.002

22.81,700,3.67,0.0025,0.0012,1.0255,2.0195,31.2714,1.002

22.81,700,3.67,0.0025,0.0012,1.0256,2.0195,31.2714,1.002

22.81,700,3.67,0.0025,0.0012,1.0256,2.1227,31.2714,1.002

22.81,700,3.67,0.0025,0.0012,1.0256,2.1227,26.3967,1.002

22.81,700,3.67,0.0025,0.0012,1.0256,2.1227,26.3967,1.0023

22.81,620,3.67,0.0025,0.0012,1.0256,2.1227,26.3967,1.0023

22.86,620,3.67,0.0025,0.0012,1.0256,2.1227,26.3967,1.0023

22.86,620,3.65,0.0025,0.0012,1.0256,2.1227,26.3967,1.0023

22.86,620,3.65,0.0024,0.0012,1.0256,2.1227,26.3967,1.0023

22.86,620,3.65,0.0024,0.0011,1.0256,2.1227,26.3967,1.0023

22.86,620,3.65,0.0024,0.0011,1.0256,2.1227,26.3967,1.0023

22.86,620,3.65,0.0024,0.0011,1.0256,12.3477,26.3967,1.0023

22.86,620,3.65,0.0024,0.0011,1.0256,12.3477,27.883,1.0023

22.86,620,3.65,0.0024,0.0011,1.0256,12.3477,27.883,1.0026

22.86,580,3.65,0.0024,0.0011,1.0256,12.3477,27.883,1.0026

22.88,580,3.65,0.0024,0.0011,1.0256,12.3477,27.883,1.0026

22.88,580,3.67,0.0024,0.0011,1.0256,12.3477,27.883,1.0026

22.88,580,3.67,0.0024,0.0011,1.0256,12.3477,27.883,1.0026

22.88,580,3.67,0.0024,0.0011,1.0256,12.3477,27.883,1.0026

22.88,580,3.67,0.0024,0.0011,1.0256,12.3477,27.883,1.0026

22.88,580,3.67,0.0024,0.0011,1.0256,12.1662,27.883,1.0026

22.88,580,3.67,0.0024,0.0011,1.0256,12.1662,28.2666,1.0026

22.88,580,3.67,0.0024,0.0011,1.0256,12.1662,28.2666,1.0028

22.88,600,3.67,0.0024,0.0011,1.0256,12.1662,28.2666,1.0028

22.93,600,3.67,0.0024,0.0011,1.0256,12.1662,28.2666,1.0028

22.93,600,3.67,0.0024,0.0011,1.0256,12.1662,28.2666,1.0028

22.93,600,3.67,0.0024,0.0011,1.0256,12.1662,28.2666,1.0028

22.93,600,3.67,0.0024,0.0012,1.0256,12.1662,28.2666,1.0028

22.93,600,3.67,0.0024,0.0012,1.0256,12.1662,28.2666,1.0028

22.93,600,3.67,0.0024,0.0012,1.0256,2.1522,28.2666,1.0028

22.93,600,3.67,0.0024,0.0012,1.0256,2.1522,25.9864,1.0028

22.93,600,3.67,0.0024,0.0012,1.0256,2.1522,25.9864,1.0022

22.93,620,3.67,0.0024,0.0012,1.0256,2.1522,25.9864,1.0022

22.97,620,3.67,0.0024,0.0012,1.0256,2.1522,25.9864,1.0022

22.97,620,3.66,0.0024,0.0012,1.0256,2.1522,25.9864,1.0022

22.97,620,3.66,0.0024,0.0012,1.0256,2.1522,25.9864,1.0022

22.97,620,3.66,0.0024,0.001,1.0256,2.1522,25.9864,1.0022

22.97,620,3.66,0.0024,0.001,1.0256,2.1522,25.9864,1.0022

22.97,620,3.66,0.0024,0.001,1.0256,2.0306,25.9864,1.0022

22.97,620,3.66,0.0024,0.001,1.0256,2.0306,30.1025,1.0022

22.97,620,3.66,0.0024,0.001,1.0256,2.0306,30.1025,1.0023

22.97,620,3.66,0.0024,0.001,1.0256,2.0306,30.1025,1.0023

23.01,620,3.66,0.0024,0.001,1.0256,2.0306,30.1025,1.0023

23.01,620,3.66,0.0024,0.001,1.0256,2.0306,30.1025,1.0023

23.01,620,3.66,0.0024,0.001,1.0256,2.0306,30.1025,1.0023

23.01,620,3.66,0.0024,0.0012,1.0256,2.0306,30.1025,1.0023

23.01,620,3.66,0.0024,0.0012,1.0258,2.0306,30.1025,1.0023

23.01,620,3.66,0.0024,0.0012,1.0258,2.0513,30.1025,1.0023

23.01,620,3.66,0.0024,0.0012,1.0258,2.0513,26.4163,1.0023

23.01,620,3.66,0.0024,0.0012,1.0258,2.0513,26.4163,1.0022

23.01,580,3.66,0.0024,0.0012,1.0258,2.0513,26.4163,1.0022

23.05,580,3.66,0.0024,0.0012,1.0258,2.0513,26.4163,1.0022

23.05,580,3.67,0.0024,0.0012,1.0258,2.0513,26.4163,1.0022

23.05,580,3.67,0.0024,0.0012,1.0258,2.0513,26.4163,1.0022

23.05,580,3.67,0.0024,0.0011,1.0258,2.0513,26.4163,1.0022

23.05,580,3.67,0.0024,0.0011,1.0258,2.0513,26.4163,1.0022

23.05,580,3.67,0.0024,0.0011,1.0258,1.915,26.4163,1.0022

23.05,580,3.67,0.0024,0.0011,1.0258,1.915,27.8328,1.0022

23.05,580,3.67,0.0024,0.0011,1.0258,1.915,27.8328,1.0025

23.05,560,3.67,0.0024,0.0011,1.0258,1.915,27.8328,1.0025

23.09,560,3.67,0.0024,0.0011,1.0258,1.915,27.8328,1.0025

23.09,560,3.67,0.0024,0.0011,1.0258,1.915,27.8328,1.0025

23.09,560,3.67,0.0025,0.0011,1.0258,1.915,27.8328,1.0025

23.09,560,3.67,0.0025,0.0012,1.0258,1.915,27.8328,1.0025

23.09,560,3.67,0.0025,0.0012,1.0257,1.915,27.8328,1.0025

23.09,560,3.67,0.0025,0.0012,1.0257,2.0339,27.8328,1.0025

23.09,560,3.67,0.0025,0.0012,1.0257,2.0339,26.7025,1.0025

23.09,560,3.67,0.0025,0.0012,1.0257,2.0339,26.7025,1.0031

23.09,600,3.67,0.0025,0.0012,1.0257,2.0339,26.7025,1.0031

23.14,600,3.67,0.0025,0.0012,1.0257,2.0339,26.7025,1.0031

23.14,600,3.62,0.0025,0.0012,1.0257,2.0339,26.7025,1.0031

23.14,600,3.62,0.0025,0.0012,1.0257,2.0339,26.7025,1.0031

23.14,600,3.62,0.0025,0.0011,1.0257,2.0339,26.7025,1.0031

23.14,600,3.62,0.0025,0.0011,1.0257,2.0339,26.7025,1.0031

23.14,600,3.62,0.0025,0.0011,1.0257,2.2422,26.7025,1.0031

23.14,600,3.62,0.0025,0.0011,1.0257,2.2422,27.6128,1.0031

23.14,600,3.62,0.0025,0.0011,1.0257,2.2422,27.6128,1.0033

23.14,580,3.62,0.0025,0.0011,1.0257,2.2422,27.6128,1.0033

23.17,580,3.62,0.0025,0.0011,1.0257,2.2422,27.6128,1.0033

23.17,580,3.67,0.0025,0.0011,1.0257,2.2422,27.6128,1.0033

23.17,580,3.67,0.0025,0.0011,1.0257,2.2422,27.6128,1.0033

23.17,580,3.67,0.0025,0.001,1.0257,2.2422,27.6128,1.0033

23.17,580,3.67,0.0025,0.001,1.0255,2.2422,27.6128,1.0033

23.17,580,3.67,0.0025,0.001,1.0255,1.9955,27.6128,1.0033

23.17,580,3.67,0.0025,0.001,1.0255,1.9955,30.1268,1.0033

23.17,580,3.67,0.0025,0.001,1.0255,1.9955,30.1268,1.0021

23.17,580,3.67,0.0025,0.001,1.0255,1.9955,30.1268,1.0021

23.21,580,3.67,0.0025,0.001,1.0255,1.9955,30.1268,1.0021

23.21,580,3.67,0.0025,0.001,1.0255,1.9955,30.1268,1.0021

23.21,580,3.67,0.0026,0.001,1.0255,1.9955,30.1268,1.0021

23.21,580,3.67,0.0026,0.0011,1.0255,1.9955,30.1268,1.0021

23.21,580,3.67,0.0026,0.0011,1.0255,1.9955,30.1268,1.0021

23.21,580,3.67,0.0026,0.0011,1.0255,2.0957,30.1268,1.0021

23.21,580,3.67,0.0026,0.0011,1.0255,2.0957,29.7414,1.0021

23.21,580,3.67,0.0026,0.0011,1.0255,2.0957,29.7414,1.0024

23.21,600,3.67,0.0026,0.0011,1.0255,2.0957,29.7414,1.0024

23.24,600,3.67,0.0026,0.0011,1.0255,2.0957,29.7414,1.0024

23.24,600,3.67,0.0026,0.0011,1.0255,2.0957,29.7414,1.0024

23.24,600,3.67,0.0028,0.0011,1.0255,2.0957,29.7414,1.0024

23.24,600,3.67,0.0028,0.0013,1.0255,2.0957,29.7414,1.0024

23.24,600,3.67,0.0028,0.0013,1.0251,2.0957,29.7414,1.0024

23.24,600,3.67,0.0028,0.0013,1.0251,11.2396,29.7414,1.0024

23.24,600,3.67,0.0028,0.0013,1.0251,11.2396,23.7022,1.0024

23.24,600,3.67,0.0028,0.0013,1.0251,11.2396,23.7022,1.0065

23.24,620,3.67,0.0028,0.0013,1.0251,11.2396,23.7022,1.0065

23.26,620,3.67,0.0028,0.0013,1.0251,11.2396,23.7022,1.0065

23.26,620,3.66,0.0028,0.0013,1.0251,11.2396,23.7022,1.0065

23.26,620,3.66,0.0027,0.0013,1.0251,11.2396,23.7022,1.0065

23.26,620,3.66,0.0027,0.0012,1.0251,11.2396,23.7022,1.0065

23.26,620,3.66,0.0027,0.0012,1.0251,11.2396,23.7022,1.0065

23.26,620,3.66,0.0027,0.0012,1.0251,11.3398,23.7022,1.0065

23.26,620,3.66,0.0027,0.0012,1.0251,11.3398,26.7832,1.0065

23.26,620,3.66,0.0027,0.0012,1.0251,11.3398,26.7832,1.0037

23.26,620,3.66,0.0027,0.0012,1.0251,11.3398,26.7832,1.0037

23.33,620,3.66,0.0027,0.0012,1.0251,11.3398,26.7832,1.0037

23.33,620,3.67,0.0027,0.0012,1.0251,11.3398,26.7832,1.0037

23.33,620,3.67,0.0028,0.0012,1.0251,11.3398,26.7832,1.0037

23.33,620,3.67,0.0028,0.0012,1.0251,11.3398,26.7832,1.0037

23.33,620,3.67,0.0028,0.0012,1.025,11.3398,26.7832,1.0037

23.33,620,3.67,0.0028,0.0012,1.025,11.2639,26.7832,1.0037

23.33,620,3.67,0.0028,0.0012,1.025,11.2639,25.5303,1.0037

23.33,620,3.67,0.0028,0.0012,1.025,11.2639,25.5303,1.0042

23.33,600,3.67,0.0028,0.0012,1.025,11.2639,25.5303,1.0042

23.36,600,3.67,0.0028,0.0012,1.025,11.2639,25.5303,1.0042

23.36,600,3.66,0.0028,0.0012,1.025,11.2639,25.5303,1.0042

23.36,600,3.66,0.0027,0.0012,1.025,11.2639,25.5303,1.0042

23.36,600,3.66,0.0027,0.0013,1.025,11.2639,25.5303,1.0042

23.36,600,3.66,0.0027,0.0013,1.0252,11.2639,25.5303,1.0042

23.36,600,3.66,0.0027,0.0013,1.0252,11.3195,25.5303,1.0042

23.36,600,3.66,0.0027,0.0013,1.0252,11.3195,24.5895,1.0042

23.36,600,3.66,0.0027,0.0013,1.0252,11.3195,24.5895,1.004

23.36,580,3.66,0.0027,0.0013,1.0252,11.3195,24.5895,1.004

23.4,580,3.66,0.0027,0.0013,1.0252,11.3195,24.5895,1.004

23.4,580,3.65,0.0027,0.0013,1.0252,11.3195,24.5895,1.004

23.4,580,3.65,0.0028,0.0013,1.0252,11.3195,24.5895,1.004

23.4,580,3.65,0.0028,0.0012,1.0252,11.3195,24.5895,1.004

23.4,580,3.65,0.0028,0.0012,1.0253,11.3195,24.5895,1.004

23.4,580,3.65,0.0028,0.0012,1.0253,10.9633,24.5895,1.004

23.4,580,3.65,0.0028,0.0012,1.0253,10.9633,25.4311,1.004

23.4,580,3.65,0.0028,0.0012,1.0253,10.9633,25.4311,1.004

23.4,640,3.65,0.0028,0.0012,1.0253,10.9633,25.4311,1.004

23.44,640,3.65,0.0028,0.0012,1.0253,10.9633,25.4311,1.004

23.44,640,3.67,0.0028,0.0012,1.0253,10.9633,25.4311,1.004

23.44,640,3.67,0.0029,0.0012,1.0253,10.9633,25.4311,1.004

23.44,640,3.67,0.0029,0.0012,1.0253,10.9633,25.4311,1.004

23.44,640,3.67,0.0029,0.0012,1.025,10.9633,25.4311,1.004

23.44,640,3.67,0.0029,0.0012,1.025,10.6265,25.4311,1.004

23.44,640,3.67,0.0029,0.0012,1.025,10.6265,25.4024,1.004

23.44,640,3.67,0.0029,0.0012,1.025,10.6265,25.4024,1.0043

23.44,600,3.67,0.0029,0.0012,1.025,10.6265,25.4024,1.0043

23.48,600,3.67,0.0029,0.0012,1.025,10.6265,25.4024,1.0043

23.48,600,3.67,0.0029,0.0012,1.025,10.6265,25.4024,1.0043

23.48,600,3.67,0.0029,0.0012,1.025,10.6265,25.4024,1.0043

23.48,600,3.67,0.0029,0.0012,1.025,10.6265,25.4024,1.0043

23.48,600,3.67,0.0029,0.0012,1.025,10.6265,25.4024,1.0043

23.48,600,3.67,0.0029,0.0012,1.025,10.6223,25.4024,1.0043

23.48,600,3.67,0.0029,0.0012,1.025,10.6223,25.66,1.0043

23.48,600,3.67,0.0029,0.0012,1.025,10.6223,25.66,1.0042

23.48,580,3.67,0.0029,0.0012,1.025,10.6223,25.66,1.0042

23.51,580,3.67,0.0029,0.0012,1.025,10.6223,25.66,1.0042

23.51,580,3.67,0.0029,0.0012,1.025,10.6223,25.66,1.0042

23.51,580,3.67,0.0029,0.0012,1.025,10.6223,25.66,1.0042

23.51,580,3.67,0.0029,0.0012,1.025,10.6223,25.66,1.0042

23.51,580,3.67,0.0029,0.0012,1.025,10.6223,25.66,1.0042

23.51,580,3.67,0.0029,0.0012,1.025,10.7543,25.66,1.0042

23.51,580,3.67,0.0029,0.0012,1.025,10.7543,26.6024,1.0042

23.51,580,3.67,0.0029,0.0012,1.025,10.7543,26.6024,1.0049

23.51,600,3.67,0.0029,0.0012,1.025,10.7543,26.6024,1.0049

23.54,600,3.67,0.0029,0.0012,1.025,10.7543,26.6024,1.0049

23.54,600,3.67,0.0029,0.0012,1.025,10.7543,26.6024,1.0049

23.54,600,3.67,0.0028,0.0012,1.025,10.7543,26.6024,1.0049

23.54,600,3.67,0.0028,0.0012,1.025,10.7543,26.6024,1.0049

23.54,600,3.67,0.0028,0.0012,1.0249,10.7543,26.6024,1.0049

23.54,600,3.67,0.0028,0.0012,1.0249,10.9595,26.6024,1.0049

23.54,600,3.67,0.0028,0.0012,1.0249,10.9595,25.9098,1.0049

23.54,600,3.67,0.0028,0.0012,1.0249,10.9595,25.9098,1.004

23.54,600,3.67,0.0028,0.0012,1.0249,10.9595,25.9098,1.004

23.59,600,3.67,0.0028,0.0012,1.0249,10.9595,25.9098,1.004

23.59,600,3.67,0.0028,0.0012,1.0249,10.9595,25.9098,1.004

23.59,600,3.67,0.0028,0.0012,1.0249,10.9595,25.9098,1.004

23.59,600,3.67,0.0028,0.0012,1.0249,10.9595,25.9098,1.004

23.59,600,3.67,0.0028,0.0012,1.0251,10.9595,25.9098,1.004

23.59,600,3.67,0.0028,0.0012,1.0251,11.1197,25.9098,1.004

23.59,600,3.67,0.0028,0.0012,1.0251,11.1197,25.1922,1.004

23.59,600,3.67,0.0028,0.0012,1.0251,11.1197,25.1922,1.0038

23.59,620,3.67,0.0028,0.0012,1.0251,11.1197,25.1922,1.0038

23.62,620,3.67,0.0028,0.0012,1.0251,11.1197,25.1922,1.0038

23.62,620,3.67,0.0028,0.0012,1.0251,11.1197,25.1922,1.0038

23.62,620,3.67,0.0028,0.0012,1.0251,11.1197,25.1922,1.0038

23.62,620,3.67,0.0028,0.0012,1.0251,11.1197,25.1922,1.0038

23.62,620,3.67,0.0028,0.0012,1.0251,11.1197,25.1922,1.0038

23.62,620,3.67,0.0028,0.0012,1.0251,11.0904,25.1922,1.0038

23.62,620,3.67,0.0028,0.0012,1.0251,11.0904,25.1527,1.0038

23.62,620,3.67,0.0028,0.0012,1.0251,11.0904,25.1527,1.004

23.62,600,3.67,0.0028,0.0012,1.0251,11.0904,25.1527,1.004

23.66,600,3.67,0.0028,0.0012,1.0251,11.0904,25.1527,1.004

23.66,600,3.67,0.0028,0.0012,1.0251,11.0904,25.1527,1.004

23.66,600,3.67,0.0028,0.0012,1.0251,11.0904,25.1527,1.004

23.66,600,3.67,0.0028,0.0012,1.0251,11.0904,25.1527,1.004

23.66,600,3.67,0.0028,0.0012,1.0251,11.0904,25.1527,1.004

23.66,600,3.67,0.0028,0.0012,1.0251,10.9039,25.1527,1.004

23.66,600,3.67,0.0028,0.0012,1.0251,10.9039,25.6618,1.004

23.66,600,3.67,0.0028,0.0012,1.0251,10.9039,25.6618,1.0048

23.66,580,3.67,0.0028,0.0012,1.0251,10.9039,25.6618,1.0048

23.68,580,3.67,0.0028,0.0012,1.0251,10.9039,25.6618,1.0048

23.68,580,3.67,0.0028,0.0012,1.0251,10.9039,25.6618,1.0048

23.68,580,3.67,0.0029,0.0012,1.0251,10.9039,25.6618,1.0048

23.68,580,3.67,0.0029,0.0012,1.0251,10.9039,25.6618,1.0048

23.68,580,3.67,0.0029,0.0012,1.0251,10.9039,25.6618,1.0048

23.68,580,3.67,0.0029,0.0012,1.0251,10.759,25.6618,1.0048

23.68,580,3.67,0.0029,0.0012,1.0251,10.759,25.45,1.0048

23.68,580,3.67,0.0029,0.0012,1.0251,10.759,25.45,1.0041

23.68,620,3.67,0.0029,0.0012,1.0251,10.759,25.45,1.0041

23.7,620,3.67,0.0029,0.0012,1.0251,10.759,25.45,1.0041

23.7,620,3.67,0.0029,0.0012,1.0251,10.759,25.45,1.0041

23.7,620,3.67,0.0029,0.0012,1.0251,10.759,25.45,1.0041

23.7,620,3.67,0.0029,0.0012,1.0251,10.759,25.45,1.0041

23.7,620,3.67,0.0029,0.0012,1.0251,10.759,25.45,1.0041

23.7,620,3.67,0.0029,0.0012,1.0251,10.8383,25.45,1.0041

23.7,620,3.67,0.0029,0.0012,1.0251,10.8383,26.1248,1.0041

23.7,620,3.67,0.0029,0.0012,1.0251,10.8383,26.1248,1.0038

23.7,620,3.67,0.0029,0.0012,1.0251,10.8383,26.1248,1.0038

23.74,620,3.67,0.0029,0.0012,1.0251,10.8383,26.1248,1.0038

23.74,620,3.67,0.0029,0.0012,1.0251,10.8383,26.1248,1.0038

23.74,620,3.67,0.0028,0.0012,1.0251,10.8383,26.1248,1.0038

23.74,620,3.67,0.0028,0.0012,1.0251,10.8383,26.1248,1.0038

23.74,620,3.67,0.0028,0.0012,1.0251,10.8383,26.1248,1.0038

23.74,620,3.67,0.0028,0.0012,1.0251,11.0823,26.1248,1.0038

23.74,620,3.67,0.0028,0.0012,1.0251,11.0823,25.0699,1.0038

23.74,620,3.67,0.0028,0.0012,1.0251,11.0823,25.0699,1.0039

23.74,600,3.67,0.0028,0.0012,1.0251,11.0823,25.0699,1.0039

23.76,600,3.67,0.0028,0.0012,1.0251,11.0823,25.0699,1.0039

23.76,600,3.64,0.0028,0.0012,1.0251,11.0823,25.0699,1.0039

23.76,600,3.64,0.0028,0.0012,1.0251,11.0823,25.0699,1.0039

23.76,600,3.64,0.0028,0.0012,1.0251,11.0823,25.0699,1.0039

23.76,600,3.64,0.0028,0.0012,1.0251,11.0823,25.0699,1.0039

23.76,600,3.64,0.0028,0.0012,1.0251,11.068,25.0699,1.0039

23.76,600,3.64,0.0028,0.0012,1.0251,11.068,25.5305,1.0039

23.76,600,3.64,0.0028,0.0012,1.0251,11.068,25.5305,1.0037

23.76,600,3.64,0.0028,0.0012,1.0251,11.068,25.5305,1.0037

23.79,600,3.64,0.0028,0.0012,1.0251,11.068,25.5305,1.0037

23.79,600,3.65,0.0028,0.0012,1.0251,11.068,25.5305,1.0037

23.79,600,3.65,0.0028,0.0012,1.0251,11.068,25.5305,1.0037

23.79,600,3.65,0.0028,0.0012,1.0251,11.068,25.5305,1.0037

23.79,600,3.65,0.0028,0.0012,1.0251,11.068,25.5305,1.0037

23.79,600,3.65,0.0028,0.0012,1.0251,10.9356,25.5305,1.0037

23.79,600,3.65,0.0028,0.0012,1.0251,10.9356,25.7685,1.0037

23.79,600,3.65,0.0028,0.0012,1.0251,10.9356,25.7685,1.004

23.79,620,3.65,0.0028,0.0012,1.0251,10.9356,25.7685,1.004

23.84,620,3.65,0.0028,0.0012,1.0251,10.9356,25.7685,1.004

23.84,620,3.67,0.0028,0.0012,1.0251,10.9356,25.7685,1.004

23.84,620,3.67,0.003,0.0012,1.0251,10.9356,25.7685,1.004

23.84,620,3.67,0.003,0.0012,1.0251,10.9356,25.7685,1.004

23.84,620,3.67,0.003,0.0012,1.0251,10.9356,25.7685,1.004

23.84,620,3.67,0.003,0.0012,1.0251,2.0538,25.7685,1.004

23.84,620,3.67,0.003,0.0012,1.0251,2.0538,26.7717,1.004

23.84,620,3.67,0.003,0.0012,1.0251,2.0538,26.7717,1.0041

23.84,580,3.67,0.003,0.0012,1.0251,2.0538,26.7717,1.0041

23.86,580,3.67,0.003,0.0012,1.0251,2.0538,26.7717,1.0041

23.86,580,3.67,0.003,0.0012,1.0251,2.0538,26.7717,1.0041

23.86,580,3.67,0.0029,0.0012,1.0251,2.0538,26.7717,1.0041

23.86,580,3.67,0.0029,0.0011,1.0251,2.0538,26.7717,1.0041

23.86,580,3.67,0.0029,0.0011,1.0251,2.0538,26.7717,1.0041

23.86,580,3.67,0.0029,0.0011,1.0251,10.6537,26.7717,1.0041

23.86,580,3.67,0.0029,0.0011,1.0251,10.6537,28.5953,1.0041

23.86,580,3.67,0.0029,0.0011,1.0251,10.6537,28.5953,1.0039

23.86,640,3.67,0.0029,0.0011,1.0251,10.6537,28.5953,1.0039

23.9,640,3.67,0.0029,0.0011,1.0251,10.6537,28.5953,1.0039

23.9,640,3.67,0.0029,0.0011,1.0251,10.6537,28.5953,1.0039

23.9,640,3.67,0.0029,0.0011,1.0251,10.6537,28.5953,1.0039

23.9,640,3.67,0.0029,0.0013,1.0251,10.6537,28.5953,1.0039

23.9,640,3.67,0.0029,0.0013,1.0251,10.6537,28.5953,1.0039

23.9,640,3.67,0.0029,0.0013,1.0251,10.4467,28.5953,1.0039

23.9,640,3.67,0.0029,0.0013,1.0251,10.4467,24.1456,1.0039

23.9,640,3.67,0.0029,0.0013,1.0251,10.4467,24.1456,1.0039

23.9,600,3.67,0.0029,0.0013,1.0251,10.4467,24.1456,1.0039

23.92,600,3.67,0.0029,0.0013,1.0251,10.4467,24.1456,1.0039

23.92,600,3.67,0.0029,0.0013,1.0251,10.4467,24.1456,1.0039

23.92,600,3.67,0.0029,0.0013,1.0251,10.4467,24.1456,1.0039

23.92,600,3.67,0.0029,0.0011,1.0251,10.4467,24.1456,1.0039

23.92,600,3.67,0.0029,0.0011,1.025,10.4467,24.1456,1.0039

23.92,600,3.67,0.0029,0.0011,1.025,10.4317,24.1456,1.0039

23.92,600,3.67,0.0029,0.0011,1.025,10.4317,28.3403,1.0039

23.92,600,3.67,0.0029,0.0011,1.025,10.4317,28.3403,1.0037

23.92,600,3.67,0.0029,0.0011,1.025,10.4317,28.3403,1.0037

23.94,600,3.67,0.0029,0.0011,1.025,10.4317,28.3403,1.0037

23.94,600,3.67,0.0029,0.0011,1.025,10.4317,28.3403,1.0037

23.94,600,3.67,0.0029,0.0011,1.025,10.4317,28.3403,1.0037

23.94,600,3.67,0.0029,0.0012,1.025,10.4317,28.3403,1.0037

23.94,600,3.67,0.0029,0.0012,1.025,10.4317,28.3403,1.0037

23.94,600,3.67,0.0029,0.0012,1.025,10.7353,28.3403,1.0037

23.94,600,3.67,0.0029,0.0012,1.025,10.7353,25.9478,1.0037

23.94,600,3.67,0.0029,0.0012,1.025,10.7353,25.9478,1.0038

23.94,600,3.67,0.0029,0.0012,1.025,10.7353,25.9478,1.0038

23.99,600,3.67,0.0029,0.0012,1.025,10.7353,25.9478,1.0038

23.99,600,3.67,0.0029,0.0012,1.025,10.7353,25.9478,1.0038

23.99,600,3.67,0.0029,0.0012,1.025,10.7353,25.9478,1.0038

23.99,600,3.67,0.0029,0.0012,1.025,10.7353,25.9478,1.0038

23.99,600,3.67,0.0029,0.0012,1.025,10.7353,25.9478,1.0038

23.99,600,3.67,0.0029,0.0012,1.025,10.9113,25.9478,1.0038

23.99,600,3.67,0.0029,0.0012,1.025,10.9113,26.5333,1.0038

23.99,600,3.67,0.0029,0.0012,1.025,10.9113,26.5333,1.0042

23.99,580,3.67,0.0029,0.0012,1.025,10.9113,26.5333,1.0042

24.02,580,3.67,0.0029,0.0012,1.025,10.9113,26.5333,1.0042

24.02,580,3.67,0.0029,0.0012,1.025,10.9113,26.5333,1.0042

24.02,580,3.67,0.0029,0.0012,1.025,10.9113,26.5333,1.0042

24.02,580,3.67,0.0029,0.0012,1.025,10.9113,26.5333,1.0042

24.02,580,3.67,0.0029,0.0012,1.0251,10.9113,26.5333,1.0042

24.02,580,3.67,0.0029,0.0012,1.0251,10.8733,26.5333,1.0042

24.02,580,3.67,0.0029,0.0012,1.0251,10.8733,25.0823,1.0042

24.02,580,3.67,0.0029,0.0012,1.0251,10.8733,25.0823,1.0038

24.02,600,3.67,0.0029,0.0012,1.0251,10.8733,25.0823,1.0038

24.04,600,3.67,0.0029,0.0012,1.0251,10.8733,25.0823,1.0038

24.04,600,3.65,0.0029,0.0012,1.0251,10.8733,25.0823,1.0038

24.04,600,3.65,0.0029,0.0012,1.0251,10.8733,25.0823,1.0038

24.04,600,3.65,0.0029,0.0013,1.0251,10.8733,25.0823,1.0038

24.04,600,3.65,0.0029,0.0013,1.0251,10.8733,25.0823,1.0038

24.04,600,3.65,0.0029,0.0013,1.0251,10.1733,25.0823,1.0038

24.04,600,3.65,0.0029,0.0013,1.0251,10.1733,24.9355,1.0038

24.04,600,3.65,0.0029,0.0013,1.0251,10.1733,24.9355,1.0037

24.04,640,3.65,0.0029,0.0013,1.0251,10.1733,24.9355,1.0037

24.07,640,3.65,0.0029,0.0013,1.0251,10.1733,24.9355,1.0037

24.07,640,3.66,0.0029,0.0013,1.0251,10.1733,24.9355,1.0037

24.07,640,3.66,0.003,0.0013,1.0251,10.1733,24.9355,1.0037

24.07,640,3.66,0.003,0.0017,1.0251,10.1733,24.9355,1.0037

24.07,640,3.66,0.003,0.0017,1.025,10.1733,24.9355,1.0037

24.07,640,3.66,0.003,0.0017,1.025,10.1132,24.9355,1.0037

24.07,640,3.66,0.003,0.0017,1.025,10.1132,18.5332,1.0037

24.07,640,3.66,0.003,0.0017,1.025,10.1132,18.5332,1.0325

24.07,640,3.66,0.003,0.0017,1.025,10.1132,18.5332,1.0325

24.09,640,3.66,0.003,0.0017,1.025,10.1132,18.5332,1.0325

24.09,640,3.67,0.003,0.0017,1.025,10.1132,18.5332,1.0325

24.09,640,3.67,0.003,0.0017,1.025,10.1132,18.5332,1.0325

24.09,640,3.67,0.003,0.0017,1.025,10.1132,18.5332,1.0325

24.09,640,3.67,0.003,0.0017,1.0249,10.1132,18.5332,1.0325

24.09,640,3.67,0.003,0.0017,1.0249,10.2729,18.5332,1.0325

24.09,640,3.67,0.003,0.0017,1.0249,10.2729,18.6377,1.0325

24.09,640,3.67,0.003,0.0017,1.0249,10.2729,18.6377,1.0365

24.09,640,3.67,0.003,0.0017,1.0249,10.2729,18.6377,1.0365

24.12,640,3.67,0.003,0.0017,1.0249,10.2729,18.6377,1.0365

24.12,640,3.67,0.003,0.0017,1.0249,10.2729,18.6377,1.0365

24.12,640,3.67,0.0031,0.0017,1.0249,10.2729,18.6377,1.0365

24.12,640,3.67,0.0031,0.0017,1.0249,10.2729,18.6377,1.0365

24.12,640,3.67,0.0031,0.0017,1.0248,10.2729,18.6377,1.0365

24.12,640,3.67,0.0031,0.0017,1.0248,10.136,18.6377,1.0365

24.12,640,3.67,0.0031,0.0017,1.0248,10.136,17.9998,1.0365

24.12,640,3.67,0.0031,0.0017,1.0248,10.136,17.9998,1.0079

24.12,660,3.67,0.0031,0.0017,1.0248,10.136,17.9998,1.0079

24.14,660,3.67,0.0031,0.0017,1.0248,10.136,17.9998,1.0079

24.14,660,3.67,0.0031,0.0017,1.0248,10.136,17.9998,1.0079

24.14,660,3.67,0.003,0.0017,1.0248,10.136,17.9998,1.0079

24.14,660,3.67,0.003,0.0017,1.0248,10.136,17.9998,1.0079

24.14,660,3.67,0.003,0.0017,1.025,10.136,17.9998,1.0079

24.14,660,3.67,0.003,0.0017,1.025,10.2259,17.9998,1.0079

24.14,660,3.67,0.003,0.0017,1.025,10.2259,18.3019,1.0079

24.14,660,3.67,0.003,0.0017,1.025,10.2259,18.3019,1.0074

24.14,640,3.67,0.003,0.0017,1.025,10.2259,18.3019,1.0074

24.16,640,3.67,0.003,0.0017,1.025,10.2259,18.3019,1.0074

24.16,640,3.67,0.003,0.0017,1.025,10.2259,18.3019,1.0074

24.16,640,3.67,0.0031,0.0017,1.025,10.2259,18.3019,1.0074

24.16,640,3.67,0.0031,0.0018,1.025,10.2259,18.3019,1.0074

24.16,640,3.67,0.0031,0.0018,1.0249,10.2259,18.3019,1.0074

24.16,640,3.67,0.0031,0.0018,1.0249,10.194,18.3019,1.0074

24.16,640,3.67,0.0031,0.0018,1.0249,10.194,17.6056,1.0074

24.16,640,3.67,0.0031,0.0018,1.0249,10.194,17.6056,1.0344

24.16,620,3.67,0.0031,0.0018,1.0249,10.194,17.6056,1.0344

24.19,620,3.67,0.0031,0.0018,1.0249,10.194,17.6056,1.0344

24.19,620,3.67,0.0031,0.0018,1.0249,10.194,17.6056,1.0344

24.19,620,3.67,0.0031,0.0018,1.0249,10.194,17.6056,1.0344

24.19,620,3.67,0.0031,0.0017,1.0249,10.194,17.6056,1.0344

24.19,620,3.67,0.0031,0.0017,1.0249,10.194,17.6056,1.0344

24.19,620,3.67,0.0031,0.0017,1.0249,10.0917,17.6056,1.0344

24.19,620,3.67,0.0031,0.0017,1.0249,10.0917,18.1941,1.0344

24.19,620,3.67,0.0031,0.0017,1.0249,10.0917,18.1941,1.0345

24.19,620,3.67,0.0031,0.0017,1.0249,10.0917,18.1941,1.0345

24.2,620,3.67,0.0031,0.0017,1.0249,10.0917,18.1941,1.0345

24.2,620,3.67,0.0031,0.0017,1.0249,10.0917,18.1941,1.0345

24.2,620,3.67,0.0031,0.0017,1.0249,10.0917,18.1941,1.0345

24.2,620,3.67,0.0031,0.0017,1.0249,10.0917,18.1941,1.0345

24.2,620,3.67,0.0031,0.0017,1.025,10.0917,18.1941,1.0345

24.2,620,3.67,0.0031,0.0017,1.025,9.941,18.1941,1.0345

24.2,620,3.67,0.0031,0.0017,1.025,9.941,18.3673,1.0345

24.2,620,3.67,0.0031,0.0017,1.025,9.941,18.3673,1.0355

24.2,640,3.67,0.0031,0.0017,1.025,9.941,18.3673,1.0355

24.23,640,3.67,0.0031,0.0017,1.025,9.941,18.3673,1.0355

24.23,640,3.67,0.0031,0.0017,1.025,9.941,18.3673,1.0355

24.23,640,3.67,0.0031,0.0017,1.025,9.941,18.3673,1.0355

24.23,640,3.67,0.0031,0.0016,1.025,9.941,18.3673,1.0355

24.23,640,3.67,0.0031,0.0016,1.0249,9.941,18.3673,1.0355

24.23,640,3.67,0.0031,0.0016,1.0249,9.8566,18.3673,1.0355

24.23,640,3.67,0.0031,0.0016,1.0249,9.8566,19.2379,1.0355

24.23,640,3.67,0.0031,0.0016,1.0249,9.8566,19.2379,1.0357

motor/temperature,motor/rpm,motor/current,motor/vibration/rmsX,motor/vibration/rmsY,motor/vibration/rmsZ,motor/vibration/crestX,motor/vibration/crestY,motor/vibration/crestZ
24.24,640,3.67,0.0031,0.0018,1.0249,9.8995,17.5996,1.0339

24.24,640,3.67,0.0031,0.0018,1.0249,9.8995,17.5996,1.0339

24.25,640,3.67,0.0031,0.0018,1.0249,9.8995,17.5996,1.0339

24.25,640,3.67,0.0031,0.0018,1.0249,9.8995,17.5996,1.0339

24.25,640,3.67,0.0031,0.0018,1.0249,9.8995,17.5996,1.0339

24.25,640,3.67,0.0031,0.0017,1.0249,9.8995,17.5996,1.0339

24.25,640,3.67,0.0031,0.0017,1.025,9.8995,17.5996,1.0339

24.25,640,3.67,0.0031,0.0017,1.025,10.1032,17.5996,1.0339

24.25,640,3.67,0.0031,0.0017,1.025,10.1032,18.129,1.0339

24.25,640,3.67,0.0031,0.0017,1.025,10.1032,18.129,1.0345

24.25,600,3.67,0.0031,0.0017,1.025,10.1032,18.129,1.0345

24.26,600,3.67,0.0031,0.0017,1.025,10.1032,18.129,1.0345

24.26,600,3.66,0.0031,0.0017,1.025,10.1032,18.129,1.0345

24.26,600,3.66,0.0031,0.0017,1.025,10.1032,18.129,1.0345

24.26,600,3.66,0.0031,0.0017,1.025,10.1032,18.129,1.0345

24.26,600,3.66,0.0031,0.0017,1.0248,10.1032,18.129,1.0345

24.26,600,3.66,0.0031,0.0017,1.0248,10.0157,18.129,1.0345

24.26,600,3.66,0.0031,0.0017,1.0248,10.0157,18.4614,1.0345

24.26,600,3.66,0.0031,0.0017,1.0248,10.0157,18.4614,1.0346

24.26,620,3.66,0.0031,0.0017,1.0248,10.0157,18.4614,1.0346

24.28,620,3.66,0.0031,0.0017,1.0248,10.0157,18.4614,1.0346

24.28,620,3.65,0.0031,0.0017,1.0248,10.0157,18.4614,1.0346

24.28,620,3.65,0.0031,0.0017,1.0248,10.0157,18.4614,1.0346

24.28,620,3.65,0.0031,0.0018,1.0248,10.0157,18.4614,1.0346

24.28,620,3.65,0.0031,0.0018,1.0251,10.0157,18.4614,1.0346

24.28,620,3.65,0.0031,0.0018,1.0251,10.1163,18.4614,1.0346

24.28,620,3.65,0.0031,0.0018,1.0251,10.1163,17.1249,1.0346

24.28,620,3.65,0.0031,0.0018,1.0251,10.1163,17.1249,1.0353

24.28,620,3.65,0.0031,0.0018,1.0251,10.1163,17.1249,1.0353

24.31,620,3.65,0.0031,0.0018,1.0251,10.1163,17.1249,1.0353

24.31,620,3.66,0.0031,0.0018,1.0251,10.1163,17.1249,1.0353

24.31,620,3.66,0.0031,0.0018,1.0251,10.1163,17.1249,1.0353

24.31,620,3.66,0.0031,0.0017,1.0251,10.1163,17.1249,1.0353

24.31,620,3.66,0.0031,0.0017,1.0249,10.1163,17.1249,1.0353

24.31,620,3.66,0.0031,0.0017,1.0249,10.1054,17.1249,1.0353

24.31,620,3.66,0.0031,0.0017,1.0249,10.1054,18.7531,1.0353

24.31,620,3.66,0.0031,0.0017,1.0249,10.1054,18.7531,1.0352

24.31,640,3.66,0.0031,0.0017,1.0249,10.1054,18.7531,1.0352

24.33,640,3.66,0.0031,0.0017,1.0249,10.1054,18.7531,1.0352

24.33,640,3.66,0.0031,0.0017,1.0249,10.1054,18.7531,1.0352

24.33,640,3.66,0.0032,0.0017,1.0249,10.1054,18.7531,1.0352

24.33,640,3.66,0.0032,0.0016,1.0249,10.1054,18.7531,1.0352

24.33,640,3.66,0.0032,0.0016,1.0252,10.1054,18.7531,1.0352

24.33,640,3.66,0.0032,0.0016,1.0252,9.8391,18.7531,1.0352

24.33,640,3.66,0.0032,0.0016,1.0252,9.8391,19.2002,1.0352

24.33,640,3.66,0.0032,0.0016,1.0252,9.8391,19.2002,1.0363

24.33,640,3.66,0.0032,0.0016,1.0252,9.8391,19.2002,1.0363

24.36,640,3.66,0.0032,0.0016,1.0252,9.8391,19.2002,1.0363

24.36,640,3.67,0.0032,0.0016,1.0252,9.8391,19.2002,1.0363

24.36,640,3.67,0.0031,0.0016,1.0252,9.8391,19.2002,1.0363

24.36,640,3.67,0.0031,0.0017,1.0252,9.8391,19.2002,1.0363

24.36,640,3.67,0.0031,0.0017,1.025,9.8391,19.2002,1.0363

24.36,640,3.67,0.0031,0.0017,1.025,9.9421,19.2002,1.0363

24.36,640,3.67,0.0031,0.0017,1.025,9.9421,18.5125,1.0363

24.36,640,3.67,0.0031,0.0017,1.025,9.9421,18.5125,1.0358

24.36,560,3.67,0.0031,0.0017,1.025,9.9421,18.5125,1.0358

24.38,560,3.67,0.0031,0.0017,1.025,9.9421,18.5125,1.0358

24.38,560,3.67,0.0031,0.0017,1.025,9.9421,18.5125,1.0358

24.38,560,3.67,0.0031,0.0017,1.025,9.9421,18.5125,1.0358

24.38,560,3.67,0.0031,0.0017,1.025,9.9421,18.5125,1.0358

24.38,560,3.67,0.0031,0.0017,1.025,9.9421,18.5125,1.0358

24.38,560,3.67,0.0031,0.0017,1.025,9.9192,18.5125,1.0358

24.38,560,3.67,0.0031,0.0017,1.025,9.9192,17.8675,1.0358

24.38,560,3.67,0.0031,0.0017,1.025,9.9192,17.8675,1.0348

24.38,640,3.67,0.0031,0.0017,1.025,9.9192,17.8675,1.0348

24.38,640,3.67,0.0031,0.0017,1.025,9.9192,17.8675,1.0348

24.38,640,3.67,0.0031,0.0017,1.025,9.9192,17.8675,1.0348

24.38,640,3.67,0.003,0.0017,1.025,9.9192,17.8675,1.0348

24.38,640,3.67,0.003,0.0016,1.025,9.9192,17.8675,1.0348

24.38,640,3.67,0.003,0.0016,1.025,9.9192,17.8675,1.0348

24.38,640,3.67,0.003,0.0016,1.025,10.2227,17.8675,1.0348

24.38,640,3.67,0.003,0.0016,1.025,10.2227,19.0784,1.0348

24.38,640,3.67,0.003,0.0016,1.025,10.2227,19.0784,1.0357

24.38,600,3.67,0.003,0.0016,1.025,10.2227,19.0784,1.0357

24.42,600,3.67,0.003,0.0016,1.025,10.2227,19.0784,1.0357

24.42,600,3.65,0.003,0.0016,1.025,10.2227,19.0784,1.0357

24.42,600,3.65,0.0031,0.0016,1.025,10.2227,19.0784,1.0357

24.42,600,3.65,0.0031,0.0016,1.025,10.2227,19.0784,1.0357

24.42,600,3.65,0.0031,0.0016,1.0249,10.2227,19.0784,1.0357

24.42,600,3.65,0.0031,0.0016,1.0249,9.9075,19.0784,1.0357

24.42,600,3.65,0.0031,0.0016,1.0249,9.9075,18.9887,1.0357

24.42,600,3.65,0.0031,0.0016,1.0249,9.9075,18.9887,1.034

24.42,600,3.65,0.0031,0.0016,1.0249,9.9075,18.9887,1.034

24.42,600,3.65,0.0031,0.0016,1.0249,9.9075,18.9887,1.034

24.42,600,3.67,0.0031,0.0016,1.0249,9.9075,18.9887,1.034

24.42,600,3.67,0.0031,0.0016,1.0249,9.9075,18.9887,1.034

24.42,600,3.67,0.0031,0.0017,1.0249,9.9075,18.9887,1.034

24.42,600,3.67,0.0031,0.0017,1.0251,9.9075,18.9887,1.034

24.42,600,3.67,0.0031,0.0017,1.0251,9.8823,18.9887,1.034

24.42,600,3.67,0.0031,0.0017,1.0251,9.8823,18.8563,1.034

24.42,600,3.67,0.0031,0.0017,1.0251,9.8823,18.8563,1.0352

24.42,620,3.67,0.0031,0.0017,1.0251,9.8823,18.8563,1.0352

24.44,620,3.67,0.0031,0.0017,1.0251,9.8823,18.8563,1.0352

24.44,620,3.66,0.0031,0.0017,1.0251,9.8823,18.8563,1.0352

24.44,620,3.66,0.0031,0.0017,1.0251,9.8823,18.8563,1.0352

24.44,620,3.66,0.0031,0.0018,1.0251,9.8823,18.8563,1.0352

24.44,620,3.66,0.0031,0.0018,1.0251,9.8823,18.8563,1.0352

24.44,620,3.66,0.0031,0.0018,1.0251,10.1152,18.8563,1.0352

24.44,620,3.66,0.0031,0.0018,1.0251,10.1152,17.6756,1.0352

24.44,620,3.66,0.0031,0.0018,1.0251,10.1152,17.6756,1.0336

24.44,620,3.66,0.0031,0.0018,1.0251,10.1152,17.6756,1.0336

24.45,620,3.66,0.0031,0.0018,1.0251,10.1152,17.6756,1.0336

24.45,620,3.67,0.0031,0.0018,1.0251,10.1152,17.6756,1.0336

24.45,620,3.67,0.0031,0.0018,1.0251,10.1152,17.6756,1.0336

24.45,620,3.67,0.0031,0.0017,1.0251,10.1152,17.6756,1.0336

24.45,620,3.67,0.0031,0.0017,1.0251,10.1152,17.6756,1.0336

24.45,620,3.67,0.0031,0.0017,1.0251,10.0184,17.6756,1.0336

24.45,620,3.67,0.0031,0.0017,1.0251,10.0184,18.8585,1.0336

24.45,620,3.67,0.0031,0.0017,1.0251,10.0184,18.8585,1.0326

24.45,600,3.67,0.0031,0.0017,1.0251,10.0184,18.8585,1.0326

24.46,600,3.67,0.0031,0.0017,1.0251,10.0184,18.8585,1.0326

24.46,600,3.67,0.0031,0.0017,1.0251,10.0184,18.8585,1.0326

24.46,600,3.67,0.0031,0.0017,1.0251,10.0184,18.8585,1.0326

24.46,600,3.67,0.0031,0.0016,1.0251,10.0184,18.8585,1.0326

24.46,600,3.67,0.0031,0.0016,1.0249,10.0184,18.8585,1.0326

24.46,600,3.67,0.0031,0.0016,1.0249,9.8028,18.8585,1.0326

24.46,600,3.67,0.0031,0.0016,1.0249,9.8028,18.9435,1.0326

24.46,600,3.67,0.0031,0.0016,1.0249,9.8028,18.9435,1.0335

24.46,620,3.67,0.0031,0.0016,1.0249,9.8028,18.9435,1.0335

24.49,620,3.67,0.0031,0.0016,1.0249,9.8028,18.9435,1.0335

24.49,620,3.64,0.0031,0.0016,1.0249,9.8028,18.9435,1.0335

24.49,620,3.64,0.0031,0.0016,1.0249,9.8028,18.9435,1.0335

24.49,620,3.64,0.0031,0.0017,1.0249,9.8028,18.9435,1.0335

24.49,620,3.64,0.0031,0.0017,1.0251,9.8028,18.9435,1.0335

24.49,620,3.64,0.0031,0.0017,1.0251,9.9344,18.9435,1.0335

24.49,620,3.64,0.0031,0.0017,1.0251,9.9344,18.1494,1.0335

24.49,620,3.64,0.0031,0.0017,1.0251,9.9344,18.1494,1.0322

