24.86,640,3.67,0.0068,0.0093,1.0246,1.4824,1.6323,1.0361

24.88,640,3.67,0.0068,0.0093,1.0246,1.4824,1.6323,1.0361

24.88,640,3.67,0.0068,0.0093,1.0246,1.4824,1.6323,1.0361

24.88,640,3.67,0.0068,0.0093,1.0246,1.4824,1.6323,1.0361

24.88,640,3.67,0.0068,0.0092,1.0246,1.4824,1.6323,1.0361

24.88,640,3.67,0.0068,0.0092,1.0254,1.4824,1.6323,1.0361

24.88,640,3.67,0.0068,0.0092,1.0254,1.4988,1.6323,1.0361

24.88,640,3.67,0.0068,0.0092,1.0254,1.4988,1.5624,1.0361

24.88,640,3.67,0.0068,0.0092,1.0254,1.4988,1.5624,1.033

motor/temperature,motor/rpm,motor/current,motor/vibration/rmsX,motor/vibration/rmsY,motor/vibration/rmsZ,motor/vibration/crestX,motor/vibration/crestY,motor/vibration/crestZ
24.88,620,3.67,0.0069,0.0092,1.0245,1.5762,1.685,1.034

24.88,620,3.67,0.0069,0.0092,1.0245,1.5762,1.685,1.034

24.89,620,3.67,0.0069,0.0092,1.0245,1.5762,1.685,1.034

24.89,620,3.67,0.0069,0.0092,1.0245,1.5762,1.685,1.034

24.89,620,3.67,0.0078,0.0092,1.0245,1.5762,1.685,1.034

24.89,620,3.67,0.0078,0.0093,1.0245,1.5762,1.685,1.034

24.89,620,3.67,0.0078,0.0093,1.0249,1.5762,1.685,1.034

24.89,620,3.67,0.0078,0.0093,1.0249,1.4087,1.685,1.034

24.89,620,3.67,0.0078,0.0093,1.0249,1.4087,1.5005,1.034

24.89,620,3.67,0.0078,0.0093,1.0249,1.4087,1.5005,1.034

24.89,620,3.67,0.0078,0.0093,1.0249,1.4087,1.5005,1.034

24.88,620,3.67,0.0078,0.0093,1.0249,1.4087,1.5005,1.034

24.88,620,3.67,0.0078,0.0093,1.0249,1.4087,1.5005,1.034

24.88,620,3.67,0.0081,0.0093,1.0249,1.4087,1.5005,1.034

24.88,620,3.67,0.0081,0.0088,1.0249,1.4087,1.5005,1.034

24.88,620,3.67,0.0081,0.0088,1.0251,1.4087,1.5005,1.034

24.88,620,3.67,0.0081,0.0088,1.0251,1.4215,1.5005,1.034

24.88,620,3.67,0.0081,0.0088,1.0251,1.4215,1.4715,1.034

24.88,620,3.67,0.0081,0.0088,1.0251,1.4215,1.4715,1.0341

24.88,580,3.67,0.0081,0.0088,1.0251,1.4215,1.4715,1.0341

24.89,580,3.67,0.0081,0.0088,1.0251,1.4215,1.4715,1.0341

24.89,580,3.67,0.0081,0.0088,1.0251,1.4215,1.4715,1.0341

24.89,580,3.67,0.0081,0.0088,1.0251,1.4215,1.4715,1.0341

24.89,580,3.67,0.0081,0.0085,1.0251,1.4215,1.4715,1.0341

24.89,580,3.67,0.0081,0.0085,1.0255,1.4215,1.4715,1.0341

24.89,580,3.67,0.0081,0.0085,1.0255,1.377,1.4715,1.0341

24.89,580,3.67,0.0081,0.0085,1.0255,1.377,1.5077,1.0341

24.89,580,3.67,0.0081,0.0085,1.0255,1.377,1.5077,1.0333

24.89,640,3.67,0.0081,0.0085,1.0255,1.377,1.5077,1.0333

24.9,640,3.67,0.0081,0.0085,1.0255,1.377,1.5077,1.0333

24.9,640,3.66,0.0081,0.0085,1.0255,1.377,1.5077,1.0333

24.9,640,3.66,0.008,0.0085,1.0255,1.377,1.5077,1.0333

24.9,640,3.66,0.008,0.0086,1.0255,1.377,1.5077,1.0333

24.9,640,3.66,0.008,0.0086,1.025,1.377,1.5077,1.0333

24.9,640,3.66,0.008,0.0086,1.025,1.4103,1.5077,1.0333

24.9,640,3.66,0.008,0.0086,1.025,1.4103,1.4134,1.0333

24.9,640,3.66,0.008,0.0086,1.025,1.4103,1.4134,1.0338

24.9,620,3.66,0.008,0.0086,1.025,1.4103,1.4134,1.0338

24.89,620,3.66,0.008,0.0086,1.025,1.4103,1.4134,1.0338

24.89,620,3.67,0.008,0.0086,1.025,1.4103,1.4134,1.0338

24.89,620,3.67,0.0081,0.0086,1.025,1.4103,1.4134,1.0338

24.89,620,3.67,0.0081,0.0085,1.025,1.4103,1.4134,1.0338

24.89,620,3.67,0.0081,0.0085,1.0255,1.4103,1.4134,1.0338

24.89,620,3.67,0.0081,0.0085,1.0255,1.4231,1.4134,1.0338

24.89,620,3.67,0.0081,0.0085,1.0255,1.4231,1.3947,1.0338

24.89,620,3.67,0.0081,0.0085,1.0255,1.4231,1.3947,1.0332

24.89,640,3.67,0.0081,0.0085,1.0255,1.4231,1.3947,1.0332

24.91,640,3.67,0.0081,0.0085,1.0255,1.4231,1.3947,1.0332

24.91,640,3.67,0.0081,0.0085,1.0255,1.4231,1.3947,1.0332

24.91,640,3.67,0.008,0.0085,1.0255,1.4231,1.3947,1.0332

24.91,640,3.67,0.008,0.0085,1.0255,1.4231,1.3947,1.0332

24.91,640,3.67,0.008,0.0085,1.0252,1.4231,1.3947,1.0332

24.91,640,3.67,0.008,0.0085,1.0252,1.5212,1.3947,1.0332

24.91,640,3.67,0.008,0.0085,1.0252,1.5212,1.3922,1.0332

24.91,640,3.67,0.008,0.0085,1.0252,1.5212,1.3922,1.0308

24.91,620,3.67,0.008,0.0085,1.0252,1.5212,1.3922,1.0308

24.9,620,3.67,0.008,0.0085,1.0252,1.5212,1.3922,1.0308

24.9,620,3.65,0.008,0.0085,1.0252,1.5212,1.3922,1.0308

24.9,620,3.65,0.008,0.0085,1.0252,1.5212,1.3922,1.0308

24.9,620,3.65,0.008,0.0085,1.0252,1.5212,1.3922,1.0308

24.9,620,3.65,0.008,0.0085,1.0252,1.5212,1.3922,1.0308

24.9,620,3.65,0.008,0.0085,1.0252,1.4913,1.3922,1.0308

24.9,620,3.65,0.008,0.0085,1.0252,1.4913,1.4581,1.0308

24.9,620,3.65,0.008,0.0085,1.0252,1.4913,1.4581,1.0066

24.9,620,3.65,0.008,0.0085,1.0252,1.4913,1.4581,1.0066

24.91,620,3.65,0.008,0.0085,1.0252,1.4913,1.4581,1.0066

24.91,620,3.67,0.008,0.0085,1.0252,1.4913,1.4581,1.0066

24.91,620,3.67,0.008,0.0085,1.0252,1.4913,1.4581,1.0066

24.91,620,3.67,0.008,0.0085,1.0252,1.4913,1.4581,1.0066

24.91,620,3.67,0.008,0.0085,1.0251,1.4913,1.4581,1.0066

24.91,620,3.67,0.008,0.0085,1.0251,1.3561,1.4581,1.0066

24.91,620,3.67,0.008,0.0085,1.0251,1.3561,1.4425,1.0066

24.91,620,3.67,0.008,0.0085,1.0251,1.3561,1.4425,1.007

24.91,600,3.67,0.008,0.0085,1.0251,1.3561,1.4425,1.007

24.92,600,3.67,0.008,0.0085,1.0251,1.3561,1.4425,1.007

24.92,600,3.67,0.008,0.0085,1.0251,1.3561,1.4425,1.007

24.92,600,3.67,0.008,0.0085,1.0251,1.3561,1.4425,1.007

24.92,600,3.67,0.008,0.0084,1.0251,1.3561,1.4425,1.007

24.92,600,3.67,0.008,0.0084,1.0247,1.3561,1.4425,1.007

24.92,600,3.67,0.008,0.0084,1.0247,1.3553,1.4425,1.007

24.92,600,3.67,0.008,0.0084,1.0247,1.3553,1.4047,1.007

24.92,600,3.67,0.008,0.0084,1.0247,1.3553,1.4047,1.0073

24.92,640,3.67,0.008,0.0084,1.0247,1.3553,1.4047,1.0073

24.92,640,3.67,0.008,0.0084,1.0247,1.3553,1.4047,1.0073

24.92,640,3.67,0.008,0.0084,1.0247,1.3553,1.4047,1.0073

24.92,640,3.67,0.0081,0.0084,1.0247,1.3553,1.4047,1.0073

24.92,640,3.67,0.0081,0.0084,1.0247,1.3553,1.4047,1.0073

24.92,640,3.67,0.0081,0.0084,1.0255,1.3553,1.4047,1.0073

24.92,640,3.67,0.0081,0.0084,1.0255,1.3916,1.4047,1.0073

24.92,640,3.67,0.0081,0.0084,1.0255,1.3916,1.4288,1.0073

24.92,640,3.67,0.0081,0.0084,1.0255,1.3916,1.4288,1.0332

24.92,620,3.67,0.0081,0.0084,1.0255,1.3916,1.4288,1.0332

24.94,620,3.67,0.0081,0.0084,1.0255,1.3916,1.4288,1.0332

24.94,620,3.67,0.0081,0.0084,1.0255,1.3916,1.4288,1.0332

24.94,620,3.67,0.008,0.0084,1.0255,1.3916,1.4288,1.0332

24.94,620,3.67,0.008,0.0084,1.0255,1.3916,1.4288,1.0332

24.94,620,3.67,0.008,0.0084,1.0255,1.3916,1.4288,1.0332

24.94,620,3.67,0.008,0.0084,1.0255,1.3857,1.4288,1.0332

24.94,620,3.67,0.008,0.0084,1.0255,1.3857,1.4715,1.0332

24.94,620,3.67,0.008,0.0084,1.0255,1.3857,1.4715,1.03

24.94,600,3.67,0.008,0.0084,1.0255,1.3857,1.4715,1.03

24.93,600,3.67,0.008,0.0084,1.0255,1.3857,1.4715,1.03

24.93,600,3.65,0.008,0.0084,1.0255,1.3857,1.4715,1.03

24.93,600,3.65,0.008,0.0084,1.0255,1.3857,1.4715,1.03

24.93,600,3.65,0.008,0.0084,1.0255,1.3857,1.4715,1.03

24.93,600,3.65,0.008,0.0084,1.0249,1.3857,1.4715,1.03

24.93,600,3.65,0.008,0.0084,1.0249,1.3798,1.4715,1.03

24.93,600,3.65,0.008,0.0084,1.0249,1.3798,1.4484,1.03

24.93,600,3.65,0.008,0.0084,1.0249,1.3798,1.4484,1.0333

24.93,640,3.65,0.008,0.0084,1.0249,1.3798,1.4484,1.0333

24.93,640,3.65,0.008,0.0084,1.0249,1.3798,1.4484,1.0333

24.93,640,3.64,0.008,0.0084,1.0249,1.3798,1.4484,1.0333

24.93,640,3.64,0.008,0.0084,1.0249,1.3798,1.4484,1.0333

24.93,640,3.64,0.008,0.0084,1.0249,1.3798,1.4484,1.0333

24.93,640,3.64,0.008,0.0084,1.0249,1.3798,1.4484,1.0333

24.93,640,3.64,0.008,0.0084,1.0249,1.3847,1.4484,1.0333

24.93,640,3.64,0.008,0.0084,1.0249,1.3847,1.4524,1.0333

24.93,640,3.64,0.008,0.0084,1.0249,1.3847,1.4524,1.0318

24.93,620,3.64,0.008,0.0084,1.0249,1.3847,1.4524,1.0318

24.94,620,3.64,0.008,0.0084,1.0249,1.3847,1.4524,1.0318

24.94,620,3.67,0.008,0.0084,1.0249,1.3847,1.4524,1.0318

24.94,620,3.67,0.008,0.0084,1.0249,1.3847,1.4524,1.0318

24.94,620,3.67,0.008,0.0084,1.0249,1.3847,1.4524,1.0318

24.94,620,3.67,0.008,0.0084,1.0251,1.3847,1.4524,1.0318

24.94,620,3.67,0.008,0.0084,1.0251,1.3677,1.4524,1.0318

24.94,620,3.67,0.008,0.0084,1.0251,1.3677,1.4538,1.0318

24.94,620,3.67,0.008,0.0084,1.0251,1.3677,1.4538,1.0326

24.94,640,3.67,0.008,0.0084,1.0251,1.3677,1.4538,1.0326

24.94,640,3.67,0.008,0.0084,1.0251,1.3677,1.4538,1.0326

24.94,640,3.67,0.008,0.0084,1.0251,1.3677,1.4538,1.0326

24.94,640,3.67,0.008,0.0084,1.0251,1.3677,1.4538,1.0326

24.94,640,3.67,0.008,0.0084,1.0251,1.3677,1.4538,1.0326

24.94,640,3.67,0.008,0.0084,1.0248,1.3677,1.4538,1.0326

24.94,640,3.67,0.008,0.0084,1.0248,1.3798,1.4538,1.0326

24.94,640,3.67,0.008,0.0084,1.0248,1.3798,1.4487,1.0326

24.94,640,3.67,0.008,0.0084,1.0248,1.3798,1.4487,1.0067

24.94,620,3.67,0.008,0.0084,1.0248,1.3798,1.4487,1.0067

24.94,620,3.67,0.008,0.0084,1.0248,1.3798,1.4487,1.0067

24.94,620,3.67,0.008,0.0084,1.0248,1.3798,1.4487,1.0067

24.94,620,3.67,0.0079,0.0084,1.0248,1.3798,1.4487,1.0067

24.94,620,3.67,0.0079,0.0084,1.0248,1.3798,1.4487,1.0067

24.94,620,3.67,0.0079,0.0084,1.0248,1.3798,1.4487,1.0067

24.94,620,3.67,0.0079,0.0084,1.0248,1.336,1.4487,1.0067

24.94,620,3.67,0.0079,0.0084,1.0248,1.336,1.4641,1.0067

24.94,620,3.67,0.0079,0.0084,1.0248,1.336,1.4641,1.0323

24.94,620,3.67,0.0079,0.0084,1.0248,1.336,1.4641,1.0323

24.96,620,3.67,0.0079,0.0084,1.0248,1.336,1.4641,1.0323

24.96,620,3.67,0.0079,0.0084,1.0248,1.336,1.4641,1.0323

24.96,620,3.67,0.008,0.0084,1.0248,1.336,1.4641,1.0323

24.96,620,3.67,0.008,0.0083,1.0248,1.336,1.4641,1.0323

24.96,620,3.67,0.008,0.0083,1.0258,1.336,1.4641,1.0323

24.96,620,3.67,0.008,0.0083,1.0258,1.5702,1.4641,1.0323

24.96,620,3.67,0.008,0.0083,1.0258,1.5702,1.501,1.0323

24.96,620,3.67,0.008,0.0083,1.0258,1.5702,1.501,1.0332

24.96,640,3.67,0.008,0.0083,1.0258,1.5702,1.501,1.0332

24.95,640,3.67,0.008,0.0083,1.0258,1.5702,1.501,1.0332

24.95,640,3.67,0.008,0.0083,1.0258,1.5702,1.501,1.0332

24.95,640,3.67,0.008,0.0083,1.0258,1.5702,1.501,1.0332

24.95,640,3.67,0.008,0.0084,1.0258,1.5702,1.501,1.0332

24.95,640,3.67,0.008,0.0084,1.0247,1.5702,1.501,1.0332

24.95,640,3.67,0.008,0.0084,1.0247,1.4234,1.501,1.0332

24.95,640,3.67,0.008,0.0084,1.0247,1.4234,1.4741,1.0332

24.95,640,3.67,0.008,0.0084,1.0247,1.4234,1.4741,1.0311

24.95,620,3.67,0.008,0.0084,1.0247,1.4234,1.4741,1.0311

24.97,620,3.67,0.008,0.0084,1.0247,1.4234,1.4741,1.0311

24.97,620,3.67,0.008,0.0084,1.0247,1.4234,1.4741,1.0311

24.97,620,3.67,0.0079,0.0084,1.0247,1.4234,1.4741,1.0311

24.97,620,3.67,0.0079,0.0084,1.0247,1.4234,1.4741,1.0311

24.97,620,3.67,0.0079,0.0084,1.0248,1.4234,1.4741,1.0311

24.97,620,3.67,0.0079,0.0084,1.0248,1.3835,1.4741,1.0311

24.97,620,3.67,0.0079,0.0084,1.0248,1.3835,1.391,1.0311

24.97,620,3.67,0.0079,0.0084,1.0248,1.3835,1.391,1.0291

24.97,640,3.67,0.0079,0.0084,1.0248,1.3835,1.391,1.0291

24.96,640,3.67,0.0079,0.0084,1.0248,1.3835,1.391,1.0291

24.96,640,3.67,0.0079,0.0084,1.0248,1.3835,1.391,1.0291

24.96,640,3.67,0.0079,0.0084,1.0248,1.3835,1.391,1.0291

24.96,640,3.67,0.0079,0.0085,1.0248,1.3835,1.391,1.0291

24.96,640,3.67,0.0079,0.0085,1.0248,1.3835,1.391,1.0291

24.96,640,3.67,0.0079,0.0085,1.0248,1.3582,1.391,1.0291

24.96,640,3.67,0.0079,0.0085,1.0248,1.3582,1.3948,1.0291

24.96,640,3.67,0.0079,0.0085,1.0248,1.3582,1.3948,1.0326

24.96,620,3.67,0.0079,0.0085,1.0248,1.3582,1.3948,1.0326

24.98,620,3.67,0.0079,0.0085,1.0248,1.3582,1.3948,1.0326

24.98,620,3.67,0.0079,0.0085,1.0248,1.3582,1.3948,1.0326

24.98,620,3.67,0.0079,0.0085,1.0248,1.3582,1.3948,1.0326

24.98,620,3.67,0.0079,0.0084,1.0248,1.3582,1.3948,1.0326

24.98,620,3.67,0.0079,0.0084,1.025,1.3582,1.3948,1.0326

24.98,620,3.67,0.0079,0.0084,1.025,1.3922,1.3948,1.0326

24.98,620,3.67,0.0079,0.0084,1.025,1.3922,1.3891,1.0326

24.98,620,3.67,0.0079,0.0084,1.025,1.3922,1.3891,1.0075

24.98,620,3.67,0.0079,0.0084,1.025,1.3922,1.3891,1.0075

24.99,620,3.67,0.0079,0.0084,1.025,1.3922,1.3891,1.0075

24.99,620,3.67,0.0079,0.0084,1.025,1.3922,1.3891,1.0075

24.99,620,3.67,0.0079,0.0084,1.025,1.3922,1.3891,1.0075

24.99,620,3.67,0.0079,0.0084,1.025,1.3922,1.3891,1.0075

24.99,620,3.67,0.0079,0.0084,1.025,1.3922,1.3891,1.0075

24.99,620,3.67,0.0079,0.0084,1.025,1.3749,1.3891,1.0075

24.99,620,3.67,0.0079,0.0084,1.025,1.3749,1.5187,1.0075

24.99,620,3.67,0.0079,0.0084,1.025,1.3749,1.5187,1.0071

24.99,600,3.67,0.0079,0.0084,1.025,1.3749,1.5187,1.0071

24.98,600,3.67,0.0079,0.0084,1.025,1.3749,1.5187,1.0071

24.98,600,3.67,0.0079,0.0084,1.025,1.3749,1.5187,1.0071

24.98,600,3.67,0.0079,0.0084,1.025,1.3749,1.5187,1.0071

24.98,600,3.67,0.0079,0.0084,1.025,1.3749,1.5187,1.0071

24.98,600,3.67,0.0079,0.0084,1.0249,1.3749,1.5187,1.0071

24.98,600,3.67,0.0079,0.0084,1.0249,1.349,1.5187,1.0071

24.98,600,3.67,0.0079,0.0084,1.0249,1.349,1.4347,1.0071

24.98,600,3.67,0.0079,0.0084,1.0249,1.349,1.4347,1.0071

24.98,640,3.67,0.0079,0.0084,1.0249,1.349,1.4347,1.0071

25,640,3.67,0.0079,0.0084,1.0249,1.349,1.4347,1.0071

25,640,3.67,0.0079,0.0084,1.0249,1.349,1.4347,1.0071

25,640,3.67,0.0079,0.0084,1.0249,1.349,1.4347,1.0071

25,640,3.67,0.0079,0.0085,1.0249,1.349,1.4347,1.0071

25,640,3.67,0.0079,0.0085,1.0251,1.349,1.4347,1.0071

25,640,3.67,0.0079,0.0085,1.0251,1.3772,1.4347,1.0071

25,640,3.67,0.0079,0.0085,1.0251,1.3772,1.5656,1.0071

25,640,3.67,0.0079,0.0085,1.0251,1.3772,1.5656,1.0068

25,640,3.67,0.0079,0.0085,1.0251,1.3772,1.5656,1.0068

25.01,640,3.67,0.0079,0.0085,1.0251,1.3772,1.5656,1.0068

25.01,640,3.67,0.0079,0.0085,1.0251,1.3772,1.5656,1.0068

25.01,640,3.67,0.0079,0.0085,1.0251,1.3772,1.5656,1.0068

25.01,640,3.67,0.0079,0.0085,1.0251,1.3772,1.5656,1.0068

25.01,640,3.67,0.0079,0.0085,1.0248,1.3772,1.5656,1.0068

25.01,640,3.67,0.0079,0.0085,1.0248,1.3495,1.5656,1.0068

25.01,640,3.67,0.0079,0.0085,1.0248,1.3495,1.4142,1.0068

25.01,640,3.67,0.0079,0.0085,1.0248,1.3495,1.4142,1.0074

25.01,620,3.67,0.0079,0.0085,1.0248,1.3495,1.4142,1.0074

25,620,3.67,0.0079,0.0085,1.0248,1.3495,1.4142,1.0074

25,620,3.67,0.0079,0.0085,1.0248,1.3495,1.4142,1.0074

25,620,3.67,0.0079,0.0085,1.0248,1.3495,1.4142,1.0074

25,620,3.67,0.0079,0.0085,1.0248,1.3495,1.4142,1.0074

25,620,3.67,0.0079,0.0085,1.0249,1.3495,1.4142,1.0074

25,620,3.67,0.0079,0.0085,1.0249,1.3639,1.4142,1.0074

25,620,3.67,0.0079,0.0085,1.0249,1.3639,1.4701,1.0074

25,620,3.67,0.0079,0.0085,1.0249,1.3639,1.4701,1.0322

25,600,3.67,0.0079,0.0085,1.0249,1.3639,1.4701,1.0322

25,600,3.67,0.0079,0.0085,1.0249,1.3639,1.4701,1.0322

25,600,3.67,0.0079,0.0085,1.0249,1.3639,1.4701,1.0322

25,600,3.67,0.0079,0.0085,1.0249,1.3639,1.4701,1.0322

25,600,3.67,0.0079,0.0084,1.0249,1.3639,1.4701,1.0322

25,600,3.67,0.0079,0.0084,1.0247,1.3639,1.4701,1.0322

25,600,3.67,0.0079,0.0084,1.0247,1.3837,1.4701,1.0322

25,600,3.67,0.0079,0.0084,1.0247,1.3837,1.4932,1.0322

25,600,3.67,0.0079,0.0084,1.0247,1.3837,1.4932,1.0333

25,620,3.67,0.0079,0.0084,1.0247,1.3837,1.4932,1.0333

25.01,620,3.67,0.0079,0.0084,1.0247,1.3837,1.4932,1.0333

25.01,620,3.67,0.0079,0.0084,1.0247,1.3837,1.4932,1.0333

25.01,620,3.67,0.0079,0.0084,1.0247,1.3837,1.4932,1.0333

25.01,620,3.67,0.0079,0.0084,1.0247,1.3837,1.4932,1.0333

25.01,620,3.67,0.0079,0.0084,1.0252,1.3837,1.4932,1.0333

25.01,620,3.67,0.0079,0.0084,1.0252,1.3553,1.4932,1.0333

25.01,620,3.67,0.0079,0.0084,1.0252,1.3553,1.4682,1.0333

25.01,620,3.67,0.0079,0.0084,1.0252,1.3553,1.4682,1.0335

25.01,600,3.67,0.0079,0.0084,1.0252,1.3553,1.4682,1.0335

25,600,3.67,0.0079,0.0084,1.0252,1.3553,1.4682,1.0335

25,600,3.66,0.0079,0.0084,1.0252,1.3553,1.4682,1.0335

25,600,3.66,0.008,0.0084,1.0252,1.3553,1.4682,1.0335

25,600,3.66,0.008,0.0084,1.0252,1.3553,1.4682,1.0335

25,600,3.66,0.008,0.0084,1.0247,1.3553,1.4682,1.0335

25,600,3.66,0.008,0.0084,1.0247,1.366,1.4682,1.0335

25,600,3.66,0.008,0.0084,1.0247,1.366,1.4873,1.0335

25,600,3.66,0.008,0.0084,1.0247,1.366,1.4873,1.0339

25,640,3.66,0.008,0.0084,1.0247,1.366,1.4873,1.0339

25,640,3.66,0.008,0.0084,1.0247,1.366,1.4873,1.0339

25,640,3.67,0.008,0.0084,1.0247,1.366,1.4873,1.0339

25,640,3.67,0.0079,0.0084,1.0247,1.366,1.4873,1.0339

25,640,3.67,0.0079,0.0084,1.0247,1.366,1.4873,1.0339

25,640,3.67,0.0079,0.0084,1.0247,1.366,1.4873,1.0339

25,640,3.67,0.0079,0.0084,1.0247,1.3595,1.4873,1.0339

25,640,3.67,0.0079,0.0084,1.0247,1.3595,1.5648,1.0339

25,640,3.67,0.0079,0.0084,1.0247,1.3595,1.5648,1.0073

25,620,3.67,0.0079,0.0084,1.0247,1.3595,1.5648,1.0073

25,620,3.67,0.0079,0.0084,1.0247,1.3595,1.5648,1.0073

25,620,3.67,0.0079,0.0084,1.0247,1.3595,1.5648,1.0073

25,620,3.67,0.0079,0.0084,1.0247,1.3595,1.5648,1.0073

25,620,3.67,0.0079,0.0084,1.0247,1.3595,1.5648,1.0073

25,620,3.67,0.0079,0.0084,1.0244,1.3595,1.5648,1.0073

25,620,3.67,0.0079,0.0084,1.0244,1.3486,1.5648,1.0073

25,620,3.67,0.0079,0.0084,1.0244,1.3486,1.491,1.0073

25,620,3.67,0.0079,0.0084,1.0244,1.3486,1.491,1.0074

25,620,3.67,0.0079,0.0084,1.0244,1.3486,1.491,1.0074

25,620,3.67,0.0079,0.0084,1.0244,1.3486,1.491,1.0074

25,620,3.63,0.0079,0.0084,1.0244,1.3486,1.491,1.0074

25,620,3.63,0.0079,0.0084,1.0244,1.3486,1.491,1.0074

25,620,3.63,0.0079,0.0084,1.0244,1.3486,1.491,1.0074

25,620,3.63,0.0079,0.0084,1.0248,1.3486,1.491,1.0074

25,620,3.63,0.0079,0.0084,1.0248,1.3767,1.491,1.0074

25,620,3.63,0.0079,0.0084,1.0248,1.3767,1.5997,1.0074

25,620,3.63,0.0079,0.0084,1.0248,1.3767,1.5997,1.0347

25,620,3.63,0.0079,0.0084,1.0248,1.3767,1.5997,1.0347

25,620,3.63,0.0079,0.0084,1.0248,1.3767,1.5997,1.0347

25,620,3.67,0.0079,0.0084,1.0248,1.3767,1.5997,1.0347

25,620,3.67,0.008,0.0084,1.0248,1.3767,1.5997,1.0347

25,620,3.67,0.008,0.0084,1.0248,1.3767,1.5997,1.0347

25,620,3.67,0.008,0.0084,1.0252,1.3767,1.5997,1.0347

25,620,3.67,0.008,0.0084,1.0252,1.4113,1.5997,1.0347

25,620,3.67,0.008,0.0084,1.0252,1.4113,1.6658,1.0347

25,620,3.67,0.008,0.0084,1.0252,1.4113,1.6658,1.034

25,640,3.67,0.008,0.0084,1.0252,1.4113,1.6658,1.034

25.01,640,3.67,0.008,0.0084,1.0252,1.4113,1.6658,1.034

25.01,640,3.65,0.008,0.0084,1.0252,1.4113,1.6658,1.034

25.01,640,3.65,0.0079,0.0084,1.0252,1.4113,1.6658,1.034

25.01,640,3.65,0.0079,0.0084,1.0252,1.4113,1.6658,1.034

25.01,640,3.65,0.0079,0.0084,1.0252,1.4113,1.6658,1.034

25.01,640,3.65,0.0079,0.0084,1.0252,1.3586,1.6658,1.034

25.01,640,3.65,0.0079,0.0084,1.0252,1.3586,1.5578,1.034

25.01,640,3.65,0.0079,0.0084,1.0252,1.3586,1.5578,1.0319

25.01,640,3.65,0.0079,0.0084,1.0252,1.3586,1.5578,1.0319

25.01,640,3.65,0.0079,0.0084,1.0252,1.3586,1.5578,1.0319

25.01,640,3.59,0.0079,0.0084,1.0252,1.3586,1.5578,1.0319

25.01,640,3.59,0.008,0.0084,1.0252,1.3586,1.5578,1.0319

25.01,640,3.59,0.008,0.0083,1.0252,1.3586,1.5578,1.0319

25.01,640,3.59,0.008,0.0083,1.0253,1.3586,1.5578,1.0319

25.01,640,3.59,0.008,0.0083,1.0253,1.3639,1.5578,1.0319

25.01,640,3.59,0.008,0.0083,1.0253,1.3639,1.4528,1.0319

25.01,640,3.59,0.008,0.0083,1.0253,1.3639,1.4528,1.0337

25.01,640,3.59,0.008,0.0083,1.0253,1.3639,1.4528,1.0337

25.02,640,3.59,0.008,0.0083,1.0253,1.3639,1.4528,1.0337

25.02,640,3.67,0.008,0.0083,1.0253,1.3639,1.4528,1.0337

25.02,640,3.67,0.0079,0.0083,1.0253,1.3639,1.4528,1.0337

25.02,640,3.67,0.0079,0.0083,1.0253,1.3639,1.4528,1.0337

25.02,640,3.67,0.0079,0.0083,1.025,1.3639,1.4528,1.0337

25.02,640,3.67,0.0079,0.0083,1.025,1.315,1.4528,1.0337

25.02,640,3.67,0.0079,0.0083,1.025,1.315,1.5653,1.0337

25.02,640,3.67,0.0079,0.0083,1.025,1.315,1.5653,1.0322

25.02,600,3.67,0.0079,0.0083,1.025,1.315,1.5653,1.0322

25.03,600,3.67,0.0079,0.0083,1.025,1.315,1.5653,1.0322

25.03,600,3.67,0.0079,0.0083,1.025,1.315,1.5653,1.0322

25.03,600,3.67,0.0079,0.0083,1.025,1.315,1.5653,1.0322

25.03,600,3.67,0.0079,0.0084,1.025,1.315,1.5653,1.0322

25.03,600,3.67,0.0079,0.0084,1.0244,1.315,1.5653,1.0322

25.03,600,3.67,0.0079,0.0084,1.0244,1.3431,1.5653,1.0322

25.03,600,3.67,0.0079,0.0084,1.0244,1.3431,1.5751,1.0322

25.03,600,3.67,0.0079,0.0084,1.0244,1.3431,1.5751,1.0329

